p_val,avg_logFC,pct.1,pct.2,p_val_adj,cluster,gene
1.1308764470847937e-12,0.38098799147039486,0.995,1,2.639578715140617e-8,0,H2-Ab1
1.1521618517537866e-8,0.4115656771598859,0.997,1,2.689260978178513e-4,0,Ubb
4.9494449389722096e-8,0.6518552073556143,0.147,0.393,0.0011552499432055034,0,Itgal
4.569350869821723e-7,0.31779625980864523,1,1,0.010665321865250883,0,Malat1
6.094535262915111e-7,0.37972348846900417,1,1,0.01422525475717016,0,Rps27
6.936134138671066e-7,0.28852873394758927,0.246,0.521,0.016189630693072138,0,Cggbp1
8.037419569608483e-7,0.3036731486054034,0.27,0.543,0.01876014101742316,0,Ndel1
1.0550526430168281e-6,0.35919624282807305,0.115,0.314,0.024625983740655784,0,Phf21a
1.2593555655989707e-6,0.2683737984260737,0.158,0.371,0.029394618256645574,0,Dhx9
1.5131096093515502e-6,0.30132332784042326,0.126,0.321,0.03531749139187453,0,Phf14
1.8204352464208817e-6,0.27350198337049925,0.27,0.536,0.0424907790867098,0,Rab1b
2.0471684467694614e-6,0.43208263553726045,0.989,1,0.047782958716046,0,Fau
2.2324505161802595e-6,0.2725647207612587,0.198,0.436,0.05210762749816344,0,Rassf3
3.153350955758758e-6,0.3412456396502459,0.219,0.457,0.07360236465836517,0,Capns1
3.953535959532356e-6,0.37670086096056465,0.104,0.286,0.09227948283144471,0,Rexo1
4.0029573283187815e-6,0.2994013380653193,0.166,0.386,0.09343302700028867,0,Nrp
4.357385884960109e-6,0.3382549204099652,0.195,0.421,0.10170574394085391,0,Preb
5.192934717054892e-6,0.3793657097637877,0.147,0.343,0.12120828923077824,0,Acap2
5.592351155277562e-6,0.3563636865345754,0.144,0.336,0.13053106831533356,0,Sec24b
6.888687577302791e-6,0.2923016080119374,0.136,0.321,0.16078885674182444,0,Traf6
7.390358330195627e-6,0.3144487131280296,0.251,0.521,0.17249835378509612,0,Gadd45gip1
9.27957694793363e-6,0.32757859556401847,0.128,0.307,0.21659460554171886,0,Pitpnb
9.468064154944891e-6,0.3544322383824068,0.163,0.357,0.2209940854405687,0,Dnajc5
1.0402842057039346e-5,0.44984165602382653,0.158,0.364,0.24281273645335535,0,Mphosph8
1.1065654086136846e-5,0.34772622832428457,0.195,0.429,0.25828343202452014,0,Commd4
1.1519174611906476e-5,0.3979681407785236,0.422,0.693,0.26886905461650906,0,Add1
1.1566200326998892e-5,0.31072645528385046,0.278,0.514,0.2699666818324811,0,Fam3c
1.1597860066028095e-5,0.322367021028116,0.225,0.464,0.2707056518011618,0,Gtf2a2
1.3132731028946513e-5,0.587448002061143,0.176,0.371,0.30653107494664056,0,Acly
1.325337207631741e-5,0.25978935376608936,0.12,0.293,0.30934695763332465,0,Tet3
1.5226129151691616e-5,0.37522878688993355,0.139,0.329,0.35539308052963403,0,Rnf139
2.0724877890558903e-5,0.33238781736815515,0.168,0.364,0.48373937484353535,0,Cog8
2.1133303470622715e-5,0.2860948382579922,0.104,0.264,0.49327243630780476,0,Mrpl37
2.159392357143032e-5,0.3406875976798309,0.348,0.614,0.504023770080755,0,Plek
2.2826595727101826e-5,0.40178377648457664,0.104,0.264,0.5327955708662837,0,Slc4a1ap
2.4017831372842365e-05,0.5937134624469755,0.102,0.257,0.5606002020735137,0,Aldh16a1
2.4089777400427695e-5,0.351065355451043,0.262,0.493,0.5622794943033829,0,Spin1
2.50385146581346e-5,0.2972075043586764,0.115,0.279,0.5844239706355198,0,Sh2b3
2.934562672086691e-5,0.44023682188902136,0.155,0.343,0.6849562732917546,0,Gabpb2
3.038264502404997e-5,0.590927571136584,0.941,0.979,0.7091613175063504,0,Junb
3.095329414077475e-5,0.29241914952284276,0.997,1,0.7224808385398235,0,H2-D1
3.158598916252124e-5,0.2524245653212027,0.152,0.336,0.7372485730424082,0,Dhps
3.374078937665123e-5,0.5824820435482447,0.155,0.336,0.7875437648404163,0,Map2k4
3.413317067546378e-5,0.28455280472327216,0.11,0.271,0.7967023367360001,0,Zranb2
3.520108581358652e-5,0.4598568378094354,0.214,0.436,0.8216285439749229,0,Eed
3.637125930826431e-5,0.39601449709388836,0.104,0.264,0.8489415635141973,0,AI462493
3.733781997318939e-5,0.27706640936889304,0.139,0.307,0.8715020559942135,0,Agpat3
3.849340269541866e-5,0.27574192304480416,0.11,0.271,0.898474512313767,0,Pgp
4.682348979880914e-5,0.2554104692212844,0.128,0.293,1,0,Slc35b1
5.056555646222959e-5,0.2666996838548217,0.297,0.564,1,0,1810037I17Rik
5.897360330299041e-5,0.28606678636949656,0.409,0.65,1,0,Dpysl2
5.9096029621207666e-5,0.4437365315267412,0.251,0.479,1,0,Brd8
6.516094850476696e-5,0.31404277978143913,0.198,0.407,1,0,D11Wsu99e
7.001730777420509e-5,0.3239704628185258,0.265,0.486,1,0,Ak2
7.353657772101118e-5,0.27425487577503116,0.241,0.464,1,0,2400001E08Rik
7.559833917894765e-5,0.2983993084333276,0.23,0.429,1,0,Dock2
7.739809884521041e-5,0.32479360319680506,0.182,0.364,1,0,Wdr43
7.823280935416186e-5,0.7054013247804245,0.12,0.279,1,0,Papd4
8.483901296674017e-5,0.4040782228542117,0.131,0.286,1,0,Hnrnpul2
8.580990672102025e-5,0.3711524899926051,0.971,0.971,1,0,Ccr7
8.670907388990964e-5,0.4167915357518721,0.176,0.35,1,0,Nudcd3
9.288060749160287e-5,0.48044154921959326,0.34,0.6,1,0,Aup1
9.37739185090349e-5,0.30371417563423275,0.302,0.564,1,0,Tmem134
9.467816074001203e-5,0.4253714370909569,0.166,0.336,1,0,Ap2a2
9.644940156075054e-5,0.38308531077306274,0.334,0.629,1,0,Pgls
9.715106572827495e-5,0.4040949300757579,0.187,0.379,1,0,Fgfr1op
1.0453674152308029e-4,0.35194295469921766,0.396,0.636,1,0,Wbp11
1.0537368212914072e-4,0.42935813564522407,0.115,0.271,1,0,Mrpl38
1.0713985501358237e-4,0.327671871148401,0.144,0.314,1,0,Gtf2f1
1.1253685867853856e-4,0.27353567211307883,0.163,0.343,1,0,Anapc16
1.1577816419585196e-4,0.2689410597784585,0.265,0.5,1,0,Gemin7
1.1971950706395087e-4,0.2923465776953629,0.254,0.486,1,0,Ostc
1.2118860100670577e-4,0.5630941192004499,0.184,0.379,1,0,Rnf7
1.287769865537696e-4,0.30813757290921995,0.115,0.264,1,0,Tusc2
1.2910572566629658e-4,0.25698279681854386,0.144,0.307,1,0,Ing1
1.2934628479674355e-4,0.29637815424573954,0.195,0.364,1,0,Rtn4
1.3033650880629852e-4,0.4318450623070498,0.286,0.55,1,0,Ube2n
1.3123004216308347e-4,0.37610068663520035,0.179,0.371,1,0,1700123O20Rik
1.312412016953813e-4,0.5053717408184122,0.997,1,1,0,Rps29
1.3447585583753176e-4,0.32070320872873825,1,1,1,0,H3f3b
1.3468393031228277e-4,0.2502109577998457,0.15,0.314,1,0,Ubp1
1.4211341544115533e-4,0.6920802342945716,0.409,0.657,1,0,Hnrnpa0
1.4729237930758104e-4,0.3228545530450191,0.238,0.436,1,0,Vmp1
1.5019906948013118e-4,0.3399181787253571,0.184,0.357,1,0,Arpc1a
1.585454422760535e-4,0.4688057672691768,0.203,0.4,1,0,Polr2k
1.631291176874814e-4,0.5828684338520889,0.307,0.543,1,0,Pim1
1.6938443372200071e-4,0.4299341512754138,0.203,0.4,1,0,Sdf2
1.8045071074791118e-4,0.36302489195775944,0.174,0.357,1,0,1810009A15Rik
1.810117925370211e-4,0.2638923572311338,0.19,0.379,1,0,Nsfl1c
1.879659065079028e-4,0.5084360948032538,0.158,0.329,1,0,Yipf5
1.8816523292214559e-4,0.34451364395422823,0.136,0.293,1,0,D17Wsu104e
1.8867967942761115e-4,0.31800729853538545,0.19,0.364,1,0,Usp25
2.0983383959170484e-4,0.28283111444929254,0.166,0.343,1,0,Pin1
2.1436184049080254e-4,0.295356021289908,0.184,0.343,1,0,Usp16
2.2022751367921747e-4,0.38783076550653295,0.342,0.557,1,0,Ptk2b
2.3702662246259936e-4,0.30987466040691647,0.297,0.514,1,0,Hist1h1c
2.467338386159548e-4,0.5004312534550226,0.227,0.457,1,0,Gngt2
2.556881172949015e-4,0.27314604186435476,0.123,0.264,1,0,Slmap
2.590287579733679e-4,0.46788940033439896,0.217,0.407,1,0,Cnr2
2.625982540271351e-4,0.36231667861289063,0.195,0.379,1,0,Wbp4
2.636309662998539e-4,0.2601018531441448,0.142,0.293,1,0,Zfp330
2.666911508503609e-4,0.44719415688649455,0.209,0.379,1,0,Strn3
2.6909795399493593e-4,0.26101650768934137,0.449,0.786,1,0,Usmg5
2.719524729568005e-4,0.25742299633415655,0.262,0.464,1,0,Rbms1
2.730024656049805e-4,0.3659826450514476,0.209,0.393,1,0,Prpf6
2.9417639787443435e-4,0.3073698695757381,0.171,0.329,1,0,Cd200
2.997834018514927e-4,0.37008567015780436,0.246,0.464,1,0,Aip
3.038051106842622e-4,0.25120835843395994,0.259,0.45,1,0,Abi3
3.038593919834803e-4,0.2770029932714655,0.267,0.471,1,0,Pld3
3.063851398157188e-4,0.41615215927868165,0.235,0.436,1,0,Nudt3
3.1011943379714234e-4,0.334759702103232,0.163,0.329,1,0,Mef2d
3.102395160262006e-4,0.453896136442848,0.187,0.35,1,0,Zcchc9
3.3190291898505485e-4,0.280330380536169,0.348,0.614,1,0,Rab4b
3.3690257931182283e-4,0.2674111093636675,0.225,0.429,1,0,Uchl3
3.4364519115794506e-4,0.3025637460841484,1,1,1,0,Fth1
3.4569246210260654e-4,0.3487184406508659,0.193,0.364,1,0,Epc1
3.5233624573760574e-4,0.3445417981792236,0.128,0.286,1,0,Dcdc2b
3.60162374433012e-4,0.32212551266456835,0.171,0.343,1,0,Utp3
4.0447371673860095e-4,0.4681929340288997,0.176,0.336,1,0,Araf
4.600768242084342e-4,0.4358149200681898,0.158,0.307,1,0,Dctn5
4.638683256406627e-4,0.3236785859552658,0.249,0.429,1,0,Tceb3
4.672687102321552e-4,0.3077749790501154,0.16,0.321,1,0,Zmym2
4.922777667001277e-4,0.34438643288542536,0.305,0.564,1,0,Ndufb8
5.027170525678253e-4,0.30386117919775746,0.952,1,1,0,Arhgdib
5.164324501671754e-4,0.2670297337719001,0.278,0.486,1,0,Ndufa11
5.198886903535816e-4,0.34619868120917374,0.184,0.357,1,0,2810422J05Rik
5.260950895491664e-4,0.31510489646196005,0.302,0.529,1,0,Luc7l2
5.277848962215287e-4,0.4064275966435731,0.134,0.286,1,0,Bcl7c
5.448540451290703e-4,0.2546392182131334,0.19,0.357,1,0,Foxn2
5.622950057800444e-4,0.32100246870059923,0.329,0.55,1,0,Cd82
5.743779586902572e-4,0.41027436297692743,0.12,0.257,1,0,Ugp2
5.819899161937545e-4,0.33956850879807376,0.992,1,1,0,Rps7
6.05770889518424e-4,0.2556361127507696,0.123,0.257,1,0,Ebp
6.092954682109991e-4,0.2684343665603226,0.136,0.271,1,0,4732418C07Rik
6.1677291587651e-4,0.2902365962861184,0.195,0.364,1,0,Ntan1
6.380803181843337e-4,0.5232402326270731,0.12,0.264,1,0,Mrps28
6.406551030196073e-4,0.27936941949025496,0.147,0.293,1,0,Zfc3h1
6.602038321247139e-4,0.34787194410277156,0.243,0.436,1,0,Srsf9
6.739658412736601e-4,0.3468694237037617,0.27,0.45,1,0,Tmem127
6.810147392051308e-4,0.36136290738984167,0.147,0.293,1,0,Ssbp1
6.819889094276864e-4,0.3669579634599325,0.42,0.643,1,0,Ero1lb
7.086459654523189e-4,0.4217630766643943,0.168,0.321,1,0,Mau2
7.220343017904823e-4,0.37656142366964307,0.366,0.614,1,0,Rbm38
7.451285563871632e-4,0.6590057671855005,0.19,0.364,1,0,5930416I19Rik
7.617958542332881e-4,0.30664224621616043,0.176,0.329,1,0,Rchy1
7.968021911244372e-4,0.4644826426209434,0.233,0.429,1,0,Smc3
8.214828988541513e-4,0.260864464405584,0.233,0.407,1,0,Psmc1
8.332234457244347e-4,0.3159422734260655,0.15,0.293,1,0,Nubp2
8.541343657896779e-4,0.25985052654246754,0.187,0.343,1,0,Csrp1
8.670074296153785e-4,0.2572493664520863,0.275,0.464,1,0,Tnrc6b
8.728784087404653e-4,0.2919118227343205,0.128,0.257,1,0,Atl2
9.326922295665807e-4,0.3011350184933863,0.235,0.393,1,0,Ap2b1
9.347672217704416e-4,0.26252311482525315,0.195,0.364,1,0,Vps25
9.380580245498177e-4,0.40293943784467334,0.291,0.5,1,0,Gak
9.458493398038177e-4,0.42212966605243185,0.128,0.264,1,0,Tmx2
9.473533382443498e-4,0.2806187448600874,0.155,0.293,1,0,Gnl2
9.745232972803743e-4,0.25963933248918547,1,1,1,0,Rpl18a
9.748327078442286e-4,0.5038671020166428,0.15,0.3,1,0,Ppp6c
9.862634788557975e-4,0.6470006114434566,0.163,0.3,1,0,Map3k3
9.87295993103812e-4,0.49740121790746983,0.182,0.336,1,0,Ccz1
9.977282008476697e-4,0.32542731550840553,0.241,0.407,1,0,Degs1
0.0010465504732323978,0.29191166115745926,0.209,0.386,1,0,Snhg8
0.001080063950381508,0.29355423768658095,0.254,0.457,1,0,1810046J19Rik
0.0010822338484195687,0.26965701506899276,0.217,0.379,1,0,Naa50
0.001106028998327871,0.4142118455634547,0.174,0.329,1,0,Tmem173
0.0011274259475341697,0.46257444678165216,0.182,0.336,1,0,Denr
0.0011615945538320132,0.394243750275475,0.184,0.343,1,0,Atp6v1d
0.0011698820791222625,0.32334069806427035,0.251,0.429,1,0,Cpsf3
0.0011909404578582885,0.30304993977901473,0.134,0.271,1,0,Efha1
0.001228849450697975,0.27843445044078585,0.428,0.679,1,0,Rhog
0.001278440891614842,0.32269086225786925,0.398,0.664,1,0,Scand1
0.0012825405627036152,0.3495980741500988,0.374,0.621,1,0,1810006K21Rik
0.0012833157691683563,0.277396761196294,0.265,0.443,1,0,Eif6
0.0012897498013014598,0.35864803963049585,0.166,0.3,1,0,Ddb1
0.001361017906758871,0.4338336414762245,0.179,0.336,1,0,Eny2
0.0013623341082168354,0.37836307685483384,0.318,0.521,1,0,Sfrs18
0.0013667935347822754,0.3174508179713236,0.366,0.621,1,0,Lats2
0.0013821656045600982,0.26861788771908834,0.361,0.579,1,0,Sbds
0.0014087290828566571,0.45216957454249274,0.198,0.364,1,0,Cenpa
0.0014406741493065546,0.28967333253760774,1,1,1,0,Rps19
0.0014539824450717847,0.2797075967605833,0.286,0.479,1,0,Cnnm4
0.0014791168422634176,0.3394502318844075,0.166,0.307,1,0,Dpm2
0.0015006262073392882,0.49522489779614887,0.184,0.343,1,0,Dnajc19
0.0015080668375509081,0.34791346653450184,0.235,0.407,1,0,Rbm17
0.0015634510196245934,0.37590744102746454,0.163,0.307,1,0,Zfp148
0.001570555264982875,0.3890626020607719,0.158,0.3,1,0,2610005L07Rik
0.001577277917678901,0.2560856401614866,0.227,0.4,1,0,Pfdn2
0.0016351705281038545,0.7253050055038646,0.222,0.4,1,0,Ralbp1
0.0017830619987112002,0.4684688601749585,0.174,0.321,1,0,Bbip1
0.0017843118666096577,0.3977996965192929,0.174,0.329,1,0,Med4
0.0017879392618865026,0.2600639024475555,0.463,0.707,1,0,Tmed10
0.0017948032524427603,0.3737455794963833,0.166,0.3,1,0,Samd8
0.0018875735155176696,0.3893201757576943,0.136,0.264,1,0,Snrpa1
0.0018904743447487964,0.2545618862668193,0.182,0.329,1,0,St3gal1
0.0019262708873816902,0.43909878258513313,0.316,0.543,1,0,Zfp622
0.001974018000377783,0.3338239308394346,0.356,0.529,1,0,Klf4
0.0019861433637529046,0.30932918045944824,0.163,0.307,1,0,Anapc11
0.002119063835107812,0.35126132813996946,0.174,0.321,1,0,Psmb7
0.002149218698681121,0.36291359160276393,0.275,0.464,1,0,Plekhj1
0.0021718532998189046,0.35715294993570623,0.195,0.35,1,0,Vgll4
0.0021820702854704224,0.33263704622097245,0.225,0.393,1,0,2900053A13Rik
0.002208509603144329,0.31737093595274857,0.452,0.714,1,0,Gimap1
0.0022275542779050246,0.4655917134435894,0.15,0.286,1,0,Ccdc55
0.002251523887826209,0.49252864326055423,0.152,0.293,1,0,Mrps17
0.0022518834355716964,0.27977074210492914,0.225,0.4,1,0,Pax5
0.0022634586603078014,0.36948870680536494,0.436,0.607,1,0,Skp1a
0.00230381398467639,0.28937230444465634,0.342,0.571,1,0,Atp5k
0.002358914670078049,0.47975782951862467,0.241,0.429,1,0,Ier3ip1
0.002361764358094961,0.3478706741518165,0.257,0.443,1,0,Sec11a
0.002398877358009565,0.4905066384385206,0.174,0.321,1,0,Vrk1
0.0024479598177674766,0.2670309125889032,0.238,0.386,1,0,Qrich1
0.0024526882608809386,0.2665503347572935,0.439,0.664,1,0,Rbm26
0.002468784640429629,0.3881771141473118,0.155,0.286,1,0,Hcfc1
0.002606745096278119,0.25150167374686827,0.198,0.343,1,0,Sdhd
0.002644813639947899,0.36156210873232286,0.227,0.386,1,0,Ergic3
0.002702583641636119,0.5509807638068733,0.182,0.336,1,0,Dgat1
0.0027096010827229017,0.8201020623534103,0.131,0.257,1,0,Mfng
0.0027345515729730553,0.3881165568856231,0.409,0.586,1,0,Nufip2
0.0027505027445746113,0.26224252198300313,0.201,0.357,1,0,Bre
0.002824782829607594,0.5763431260865826,0.257,0.429,1,0,Npc2
0.0029126216268475498,0.5112106285696139,0.251,0.421,1,0,Frg1
0.0029833186462807997,0.2729820982981339,0.337,0.55,1,0,Ccm2
0.003002917808408984,0.5539066117952602,0.201,0.364,1,0,Ccdc124
0.003007418233634064,0.46570456780993164,0.289,0.486,1,0,Cox16
0.003009830309088655,0.3183590891101771,0.176,0.307,1,0,Psmd12
0.0030280750067256386,0.2565108988615208,0.257,0.429,1,0,Dda1
0.003041680998953125,0.3855183323159306,0.382,0.543,1,0,Comt
0.0030760987386712333,0.49521673920980636,0.294,0.514,1,0,U2af1
0.003081041731611032,0.47355831726284947,0.356,0.579,1,0,Ap1m1
0.003156308556183009,0.46189611089856,0.318,0.521,1,0,Cirbp
0.0031990809875079504,0.5141363626078688,0.254,0.414,1,0,Cd84
0.003211625561641652,0.26395217745215316,0.345,0.557,1,0,BC031181
0.0033410718052397865,0.39355960825532676,0.16,0.279,1,0,Pydc3
0.0033758618379977922,0.4394647850848452,0.217,0.357,1,0,Ubr2
0.0034084358413123184,0.2825096173292936,0.222,0.386,1,0,Dctn3
0.003458349994147369,0.2916925368794807,0.337,0.521,1,0,Mat2b
0.0034620399441554527,0.49293851903701835,0.203,0.35,1,0,Nfu1
0.0034996664358438226,0.3298583572996203,0.179,0.314,1,0,Clec2d
0.0035613961342173804,0.2595535718733437,0.302,0.5,1,0,BC017643
0.003562995172298163,0.3881746515440181,0.139,0.264,1,0,Hexim1
0.0036024824286069023,0.30366024384347146,0.171,0.307,1,0,Zbtb11
0.003650932776776452,0.3074910562112243,0.222,0.386,1,0,Bloc1s1
0.003794305385375389,0.2899424440684806,0.195,0.336,1,0,Traf3ip3
0.0038015068320845185,0.39913289892336135,0.265,0.436,1,0,Fam100a
0.0038105178355445223,0.2681235117956513,0.406,0.614,1,0,Anp32a
0.0038641575617380563,0.3923539756361585,0.184,0.329,1,0,Traf3ip2
0.0039178739761620675,0.47377656349796116,0.171,0.307,1,0,Get4
0.0039494633618601055,0.2870804065217767,0.388,0.65,1,0,Ndufa1
0.003964540509671618,0.3148189172619551,0.152,0.279,1,0,Isyna1
0.004030579207378754,0.3476697537334479,0.227,0.386,1,0,BC005624
0.0040839664966480765,0.44572092688153875,0.184,0.314,1,0,Rara
0.0040993233368296755,0.2589291217063945,0.246,0.4,1,0,Slc9a3r1
0.004154534680274649,0.2936126338769096,0.184,0.329,1,0,Zcchc7
0.004302218883892674,0.5500086881077282,0.144,0.264,1,0,Slc38a9
0.0043125378528807426,0.33974490616524733,0.93,1,1,0,Rpl11
0.004408784291025788,0.3301064971966321,0.366,0.571,1,0,Sfr1
0.004483591370807033,0.5828221099214277,0.219,0.379,1,0,Gpr137b-ps
0.004512140951259251,0.4312385260328906,0.182,0.329,1,0,Ebna1bp2
0.004523555134299614,0.2701851564262956,0.286,0.436,1,0,Rassf2
0.004538827524548906,0.36610320501605864,0.144,0.264,1,0,Srsf4
0.0046595727385421995,0.3319220873030426,0.243,0.414,1,0,Dnajb11
0.004672616617799521,0.3245628246411396,0.332,0.514,1,0,Snw1
0.004839237729232607,0.6074352363236821,0.211,0.364,1,0,Eapp
0.004937370889875957,0.29609123106524926,0.235,0.386,1,0,Cnot8
0.005095189481952863,0.27270158131802535,0.201,0.336,1,0,Mrps7
0.005110876459417826,0.26517232011677105,0.144,0.264,1,0,1810043H04Rik
0.005133101376099493,0.44497200248147806,0.219,0.371,1,0,Riok3
0.005205117400381653,0.4588177446652715,0.176,0.307,1,0,Ubac2
0.005242635174065724,0.4491934696573905,0.313,0.514,1,0,Cwc15
0.005246491907522035,0.3070830741292543,0.16,0.286,1,0,Arl5c
0.005268536830341773,0.2635942551473107,0.313,0.486,1,0,Chmp2a
0.005359199544148076,0.3013449610363881,0.286,0.45,1,0,Tbca
0.005422109504051244,0.6404347637094947,0.259,0.421,1,0,1110004F10Rik
0.0056160486735021276,0.328902134955122,0.139,0.257,1,0,Synj1
0.005680230004732067,0.5022852108779965,0.345,0.536,1,0,Isy1
0.005690844725977977,0.26875763798763863,0.278,0.436,1,0,Gm6377
0.0058396822734256195,0.32402679312367066,0.241,0.407,1,0,AI467606
0.005869774689766273,0.5078704376893164,0.34,0.514,1,0,Malt1
0.005884469356650389,0.581886952950422,0.179,0.314,1,0,Gimap7
0.0059980477546889245,0.2698960252567577,0.382,0.579,1,0,Cdc42se1
0.006213713557251086,0.479047455302275,0.163,0.286,1,0,Mrpl42
0.006219081945089505,0.6705505753062635,0.281,0.436,1,0,Ppp1cb
0.006252986820145158,0.47402877129228393,0.257,0.407,1,0,Ndufv3
0.0064694199418098165,0.39032606087239863,0.166,0.3,1,0,D230037D09Rik
0.006519158304135908,0.5140036440631968,0.235,0.379,1,0,Clasp2
0.006668572140755933,0.530381618781218,0.219,0.357,1,0,Rnf216
0.006767585479091573,0.2660466284355265,0.171,0.293,1,0,Lpp
0.006801876687831058,0.497404793402489,0.307,0.493,1,0,H47
0.006902289763856689,0.5559718197631653,0.302,0.486,1,0,Chsy1
0.006929768624483673,0.38223930161975517,0.34,0.529,1,0,Slc38a1
0.007004091338665486,0.3289933896388182,0.152,0.264,1,0,Rab3gap1
0.007018915965094688,0.4018115942260545,0.928,0.993,1,0,Srgn
0.007028432128796989,0.34836350111174585,0.286,0.457,1,0,0610031J06Rik
0.00703865045192224,0.2816906111410873,0.19,0.321,1,0,Dpm1
0.007111526790027344,0.2929576679175159,0.163,0.279,1,0,Exoc3
0.007116040610554983,0.3555207853163074,0.19,0.321,1,0,Myef2
0.007215283098250569,0.5205873285607567,0.283,0.464,1,0,Zmat2
0.007498630332930807,0.2570112145227528,0.369,0.579,1,0,Per1
0.007502739591033922,0.43903196750988194,0.337,0.536,1,0,Psmd4
0.0076504620228307904,0.38140698792267846,0.182,0.293,1,0,Gm6402
0.007771034947012974,0.32485124833118295,0.294,0.479,1,0,Nfkbib
0.007845501546832168,0.3004676153995196,0.195,0.321,1,0,Cetn2
0.008375988118914447,0.45474646358636184,0.147,0.257,1,0,Ss18
0.008392962257779961,0.38937047963077953,0.396,0.643,1,0,Ube2s
0.008644052315947512,0.7369357789932454,0.182,0.321,1,0,Gpkow
0.008904116483258305,0.3208591583230458,0.38,0.579,1,0,Adam10
0.008945374137957634,0.2504652338763784,0.222,0.343,1,0,Luc7l3
0.009202450638312173,0.59746350201143406,0.144,0.264,1,0,S100a13
0.009257512569619548,0.2743419795537658,0.283,0.464,1,0,Timm23
0.00949806355534924,0.34228479012876134,0.16,0.286,1,0,1110001J03Rik
0.009591099206435423,0.27909747168886634,0.211,0.357,1,0,Rwdd1
0.009787496034468926,0.4622681818431831,0.259,0.421,1,0,Mea1
0.00997380646870532,0.41984858618285514,0.353,0.536,1,0,Kdelr2
1.34121616049126e-18,0.8223059852636134,0.55,0.147,3.13053264020265e-14,1,Ddx3y1
4.777256370587933e-16,0.7697578951269843,0.564,0.19,1.1150594094589296e-11,1,Zmiz21
5.746583655848566e-16,0.8526227041457455,0.45,0.126,1.3413100911116138e-11,1,Epb4.1l21
9.71440565275868e-16,0.5118550029897593,0.971,0.743,2.2674394234104034e-11,1,Pabpc11
1.1378200096696412e-15,0.3983303599675141,0.643,0.235,2.6557856845699096e-11,1,Lpgat11
2.0245840348900895e-15,0.42183352594495993,0.393,0.08,4.725581595836958e-11,1,Mrpl211
2.441934577120906e-15,0.7084507972218761,0.729,0.34,5.6997194964579066e-11,1,Nfatc11
1.0803900161058439e-14,0.561150002699474,0.314,0.056,2.52173833659265e-10,1,Cbfa2t31
1.992029163860343e-14,0.45904216648517693,0.686,0.289,4.6495952713664265e-10,1,Rbm251
5.216455940699753e-14,0.979966152418668,0.536,0.201,1.2175729811187293e-9,1,Trim30a1
5.6676287489643765e-14,0.7481126741125887,0.607,0.249,1.3228812262957752e-9,1,Ikzf11
6.211306993609436e-14,1.1355942366319427,0.414,0.123,1.4497811653783783e-9,1,Ehmt11
8.249071121492117e-14,0.52619748503158,0.693,0.313,1.925415690467475e-9,1,Mll11
1.302973459268117e-13,0.6229914269729324,0.679,0.31,3.041270351277712e-9,1,Mtss11
1.3860037702539007e-13,0.30648816265095613,0.479,0.147,3.2350714001496296e-9,1,Usp71
2.650806213335395e-13,0.7008102766781104,0.321,0.067,6.187246782546145e-9,1,Trmt11
2.890610463586081e-13,0.6641834616540043,0.986,0.898,6.746973883056271e-9,1,Lars21
3.4559579748928895e-13,0.7564887048408995,0.436,0.142,8.066551509197494e-9,1,Map4k21
4.688825312644125e-13,0.5854409503311482,0.571,0.222,1.0944187162242653e-8,1,Chst31
4.875753875545071e-13,0.7540767186423638,0.593,0.254,1.1380497120909749e-8,1,Uba11
6.659153507333565e-13,0.29094509867435425,0.464,0.139,1.5543130201467274e-8,1,Chd81
8.01400843601287e-13,0.4491268100845307,0.836,0.5,1.870549709049764e-8,1,Eif4g21
8.607534347358462e-13,0.5793555790396647,0.6,0.257,2.0090845920169386e-8,1,Odc11
1.5053318992036768e-12,0.7732011819573126,0.371,0.102,3.513595185931302e-8,1,Ppp6r11
1.854250434613179e-12,0.8858479860258628,0.671,0.337,4.3280059394306215e-8,1,Gns1
2.0528932638740383e-12,0.6437110095193241,0.514,0.193,4.791658167208393e-8,1,Tm9sf31
3.563228725084652e-12,0.4601296186974677,0.707,0.31,8.316932167220086e-8,1,Ifi301
5.297010827871e-12,0.6275920947921922,0.621,0.286,1.23637529733337e-7,1,Nucks11
5.3378812969346094e-12,0.5922390056885307,0.786,0.439,1.245914873517507e-7,1,Vars1
5.421965649465023e-12,0.5347270134476512,0.714,0.345,1.2655410022416312e-7,1,Sesn11
5.6782069477205e-12,0.9259333307796362,0.486,0.195,1.3253502836674418e-7,1,Marcks1
6.054625447946616e-12,0.5165310170580861,0.629,0.286,1.4132101258052196e-7,1,Pbrm11
6.244311518102803e-12,0.30278033007890315,0.571,0.238,1.4574847514403752e-7,1,Dock101
6.939187910692586e-12,0.31824429155730893,0.307,0.067,1.6196758502347567e-7,1,1810008A18Rik1
7.174060418502527e-12,1.402097214375249,0.35,0.102,1.674497442282675e-7,1,Hdlbp1
7.382675479480334e-12,0.26124985987892346,0.414,0.131,1.7231902836655048e-7,1,Nsmaf1
8.088411184881564e-12,0.45544728360973297,0.536,0.209,1.8879160546632058e-7,1,Tnks21
1.0395977123406326e-11,1.168180764167118,0.264,0.051,2.4265250203742704e-7,1,Agps1
1.0840480350026485e-11,1.203216510795535,0.393,0.131,2.5302765184996817e-7,1,Csda1
1.1388392389420444e-11,0.5230013230873656,0.571,0.235,2.658164667614626e-7,1,Ubqln11
1.2263952345537739e-11,0.5692379237061891,0.443,0.142,2.8625291169719635e-7,1,Epsti11
1.3733731259786218e-11,0.4096088937035791,0.457,0.166,3.2055902133467013e-7,1,St6gal11
1.5079756500372376e-11,0.5016997344125516,0.464,0.155,3.519765964751916e-7,1,Rab301
1.718318164380639e-11,0.5105058870944053,0.693,0.35,4.0107264274808497e-7,1,Ccni1
2.1084555476657402e-11,0.319821213329023,0.693,0.334,4.921346093806604e-7,1,Syvn11
2.346042213750823e-11,0.41836860489268446,0.371,0.107,5.475897131115796e-7,1,Imp41
3.10333962947565e-11,0.7547400236089148,0.486,0.19,7.243505029159116e-7,1,Pa2g41
3.105680009340194e-11,0.7517815940948198,0.671,0.334,7.248967709800947e-7,1,Stt3b1
3.6453103926763686e-11,0.3280910401991557,0.607,0.259,8.508518987545912e-7,1,Eif3l1
3.7883793894338115e-11,0.4922777894800525,0.65,0.321,8.84245633287746e-7,1,Spnb21
4.1263253833453206e-11,0.401704637963622,0.4,0.131,9.631256077266312e-7,1,Nup2101
4.137039421081529e-11,0.37530944085410756,0.364,0.107,9.656263712746398e-7,1,Atp2a21
4.3548491940620616e-11,0.32175744127069095,0.621,0.299,1.0164653503860258e-6,1,Cdc42se21
4.555243865547591e-11,0.44098315662983056,0.443,0.158,1.0632394706574632e-6,1,P2rx41
5.349356817693321e-11,0.2864799492763037,0.557,0.243,1.248593374817798e-6,1,Atrx1
6.015637247034891e-11,0.4891625555910828,0.707,0.369,1.404109889830414e-6,1,Capza11
6.270008512252299e-11,0.6866399241325158,0.607,0.286,1.4634826868448092e-6,1,Sidt21
7.015717941197182e-11,0.468683840353715,0.393,0.126,1.6375387246548343e-6,1,Osgep1
7.159111403120324e-11,0.5463129207556863,0.5,0.201,1.6710081926023148e-6,1,Cap11
7.899867590719667e-11,0.7660931200583914,0.479,0.19,1.8439080943498773e-6,1,Eif4b1
7.963446099139155e-11,0.7678711843827069,0.436,0.15,1.8587479540000703e-6,1,Larp11
8.97694100457272e-11,0.3219868220376485,0.3,0.072,2.0953077998773187e-6,1,Nudt16l11
9.017673240598267e-11,0.7900193815545147,0.364,0.112,2.1048151110880415e-6,1,Ogfr1
1.0225991103347978e-10,1.3634625042401627,0.314,0.088,2.3868485834324517e-6,1,Prkacb1
1.0293411790391246e-10,0.3685162044594392,0.593,0.241,2.4025852459952208e-6,1,Taf91
1.040270414876564e-10,0.6554507598781258,0.543,0.238,2.428095175363388e-6,1,Myo1e1
1.0880916105351372e-10,1.233594762573989,0.421,0.168,2.539714628150064e-6,1,Ccnd21
1.1172187111417298e-10,0.5222293667128377,0.479,0.171,2.6077001936759113e-6,1,Gm159871
1.1594327437783884e-10,0.6568180627549935,0.6,0.275,2.7062319672531363e-6,1,Stat11
1.1871748972816644e-10,0.7865470639733854,0.436,0.155,2.770984927745133e-6,1,Myst21
1.3320328125013698e-10,0.6769193729112746,0.364,0.115,3.109097787659447e-6,1,Ddx271
1.4596236175338606e-10,0.5450104386898813,0.336,0.099,3.406907485685784e-6,1,Sfxn11
1.5791345305256502e-10,0.5503900872320466,0.393,0.131,3.6858579076999203e-6,1,Pip4k2a1
1.5936684745972864e-10,0.9631321952164043,0.507,0.23,3.7197815865575263e-6,1,Nckap1l1
1.645544152154096e-10,0.43354473780629466,0.771,0.412,3.8408646055428755e-6,1,Anp32b1
1.8131369847559e-10,0.7020297900310277,0.457,0.176,4.232043036118746e-6,1,Glyr11
1.821266244247826e-10,0.26707351512191835,0.679,0.348,4.251017540698851e-6,1,Glcci11
1.8850345098021901e-10,0.49160205514183986,0.6,0.291,4.399859049329292e-6,1,Pbxip11
2.1353001180559458e-10,0.514235660820102,0.7,0.377,4.984004005554383e-6,1,Vcp1
2.1703761898582105e-10,0.3215758563714064,0.521,0.219,5.065875064748049e-6,1,Il17ra1
2.3968842725255006e-10,0.8063570747706699,0.357,0.115,5.594567580501771e-6,1,Gpatch81
2.6274062782419614e-10,0.27311694167521505,0.714,0.358,6.132628994044562e-6,1,Dbnl1
2.6540585656268083e-10,1.0699752593641074,0.286,0.078,6.194838098029533e-6,1,Shmt21
2.8731422821935506e-10,0.36989843025102065,0.4,0.139,6.706201400867967e-6,1,4933426M11Rik1
3.018175537634374e-10,0.3898453104501298,0.707,0.385,7.0447235223923915e-6,1,Akr1a11
3.0793191176511794e-10,0.29300895553907536,0.429,0.158,7.187438752509618e-6,1,Fxr11
3.113093941942821e-10,0.4434505627292733,0.686,0.342,7.266272569888739e-6,1,Map4k11
3.9125426867199437e-10,0.5665159031519744,0.6,0.286,9.13226588507302e-6,1,Khdrbs11
3.934699185410388e-10,0.641818008604861,0.486,0.201,9.183981368666386e-6,1,Golph31
3.951283394273225e-10,0.26155225922362924,0.521,0.217,9.222690570573135e-6,1,Fubp11
4.789450278251556e-10,0.29038665895432203,0.579,0.265,1.1179055894466958e-5,1,Il4ra1
4.927757050719965e-10,0.5857883047415715,0.5,0.206,1.150187773208547e-5,1,Ankrd171
4.942699072954002e-10,0.4798784538890519,0.779,0.441,1.1536753906181936e-5,1,Btla1
4.980906898883846e-10,0.46915365547870724,0.393,0.134,1.1625934792684785e-5,1,Adsl1
5.4363377410906e-10,0.47812387494081676,0.493,0.214,1.268895592147957e-5,1,Ube2r21
5.72469653956567e-10,0.31991853322210106,0.371,0.123,1.336201419300023e-5,1,Ttc31
5.725738392226337e-10,0.32830107459236,0.307,0.083,1.3364445981295494e-5,1,Cuedc21
5.962306282348412e-10,0.3918134186299951,0.571,0.257,1.3916619093629428e-5,1,Cdk131
6.069303575582569e-10,0.4004436346062761,0.35,0.107,1.4166361475767273e-5,1,Txndc111
6.137240832200721e-10,0.6015431102540933,0.45,0.171,1.4324933826439702e-5,1,Rnf1151
6.313134887922916e-10,0.4277661237024666,0.371,0.118,1.4735488141900879e-5,1,Pom1211
6.964939127998072e-10,0.45315092306130245,0.414,0.144,1.62568644186603e-5,1,Cuta1
7.018020590384619e-10,0.42047107428141306,0.436,0.158,1.6380761860016737e-5,1,2900064A13Rik1
7.114063064466475e-10,0.35424896753751334,0.729,0.377,1.66049345987712e-5,1,Irs21
8.015062482942159e-10,0.5756591111492426,0.364,0.12,1.870795734143529e-5,1,Magt11
8.566556323888838e-10,0.3875277624061244,0.429,0.158,1.9995199115588937e-5,1,Rsf11
8.947437064898497e-10,0.472896576983469,0.643,0.316,2.0884212853179583e-5,1,C130039O16Rik1
9.229957779808263e-10,0.6856108106113559,0.386,0.139,2.1543644453850467e-5,1,Eif1ax1
1.0020927445798714e-9,0.2890309631710055,0.529,0.23,2.338984675123878e-5,1,Ap1b11
1.0236904941858645e-9,0.30069516051750433,0.407,0.139,2.3893959824792264e-5,1,Eif1b1
1.0307786375927325e-9,0.48525556704244366,0.379,0.134,2.405940418005197e-5,1,Fam168b1
1.0601708221492045e-9,0.730997806190611,0.407,0.152,2.474544715978458e-5,1,Syncrip1
1.2028184275385202e-9,0.39783432943707986,0.707,0.38,2.80749849171766e-5,1,Cybb1
1.2331729153744831e-9,0.5201893588605588,0.486,0.201,2.878348901775581e-5,1,Hnrnpa31
1.286147196113471e-9,0.7776300764380446,0.429,0.171,3.001996170448453e-5,1,Zfp2921
1.329663858122066e-9,0.5271334212104462,0.621,0.321,3.1035684112427145e-5,1,Cd381
1.409538617972929e-9,0.34310118385835375,0.55,0.238,3.290004088210613e-5,1,Bola21
1.4559110111260515e-9,0.5560018355604939,0.529,0.251,3.398241891069317e-5,1,Atp1a11
1.4627786990682867e-9,0.3743642304841108,0.464,0.195,3.414271761495288e-5,1,Exosc81
1.4672680934829509e-9,0.2694983366794572,0.479,0.193,3.424750456998556e-5,1,Irak11
1.4676357455724376e-9,0.39626215835995815,0.736,0.417,3.4256085937406265e-5,1,Sept71
1.5266149488612392e-9,0.396041591474241,0.386,0.134,3.5632719521370186e-5,1,Sp11
1.5267474323635899e-9,0.4060220667081502,0.393,0.136,3.563581181879855e-5,1,Smap11
1.593453227781173e-9,0.415269261262845,0.336,0.104,3.719279178964036e-5,1,Galnt111
1.6113823508343568e-9,0.2620006918083986,0.343,0.11,3.761127545082472e-5,1,Scfd11
1.6919299719464753e-9,0.4087171689807825,0.614,0.291,3.949133747520268e-5,1,Lman21
1.7934914191210169e-9,0.31713123767253926,0.821,0.455,4.1861883213703655e-5,1,Wasf21
1.7947587455836992e-9,0.5728181050327472,0.464,0.184,4.189146388066912e-5,1,Lrch11
1.8341809401504317e-9,0.3108225190394629,0.729,0.374,4.2811617324051226e-5,1,Lrp101
2.0578199077410914e-9,0.4632609315462428,0.693,0.38,4.803157446658482e-5,1,Mtpn1
2.0970362800337382e-9,0.6007597245036695,0.421,0.158,4.894692381226748e-5,1,Nfx11
2.1667165033868925e-9,0.8679882501778176,0.357,0.131,5.0573329905553456e-5,1,Actr101
2.274796775661213e-9,0.635712023700501,0.471,0.201,5.309603154070837e-5,1,4933407C03Rik1
2.279740337469349e-9,0.3209660424188767,0.414,0.155,5.3211419216872075e-5,1,Fam96a1
2.2852763828105494e-9,0.47271778527551156,0.486,0.209,5.334063605118103e-5,1,Pdhb1
2.357830271668837e-9,0.7803143813428886,0.471,0.209,5.5034116371022324e-5,1,Nsf1
2.4345957663741657e-9,0.9093654151242667,0.257,0.064,5.68258997829394e-5,1,Arhgap241
2.5941860373975147e-9,0.2726775636300074,0.507,0.222,6.055089629889539e-5,1,Fam111a1
2.6268610775060496e-9,0.47327134385358693,0.35,0.112,6.13135644100687e-5,1,Ruvbl11
2.6669209531896788e-9,0.41079393249728646,0.964,0.767,6.224860196840029e-5,1,Actr31
2.7464743087301035e-9,0.33874270506544946,0.7,0.385,6.410545684006935e-5,1,Tgfbr21
2.9724457405087898e-9,0.6770387636296356,0.414,0.176,6.937985602921567e-5,1,Tpi11
3.0149583415765655e-9,0.30192189768457123,0.379,0.128,7.037214265073862e-5,1,Sdhaf21
3.1705726177883145e-9,0.5365098726308752,0.429,0.166,7.400433547179705e-5,1,Gatad2a1
3.1952012130182283e-9,0.3440408080815778,0.514,0.219,7.457919151305847e-5,1,Apbb1ip1
3.230683694898226e-9,0.30850500710075046,0.579,0.267,7.54073881226195e-5,1,Mgea51
3.3269209234990603e-9,0.4164702708579311,0.443,0.174,7.765366127539156e-5,1,Btbd11
3.3649785959757333e-9,0.4825239019124048,0.607,0.329,7.85419654086696e-5,1,Camk2d1
3.450213569301185e-9,0.6585168243927897,0.329,0.104,8.053143492105896e-5,1,Ubr51
3.4637491254265637e-9,0.4432155372780744,0.486,0.206,8.084736833658142e-5,1,Cebpz1
3.620347812069065e-9,0.4092865022699801,0.436,0.168,8.450253828150404e-5,1,Sirt71
3.6629861545696513e-9,0.3112899640779645,0.45,0.171,8.549775983381024e-5,1,Cd401
3.71968722673164e-9,0.9716862167053497,0.45,0.201,8.68212195591432e-5,1,Usp9x1
3.906551313205271e-9,0.4019780854820194,0.507,0.23,9.118281420152423e-5,1,Eif4g31
4.207351672156255e-9,1.1829731742443141,0.3,0.094,9.820379537979914e-5,1,1700017B05Rik1
4.2753851581904676e-9,0.47845720301675687,0.493,0.225,9.979176497732371e-5,1,Caprin11
4.323795400090531e-9,0.36341175633398226,0.964,0.882,1.009217084335131e-4,1,Serinc31
4.339455250494982e-9,0.350757676816738,0.464,0.193,1.0128722500180337e-4,1,Lnpep1
4.422068507071888e-9,0.6631338064725543,0.493,0.222,1.0321550102356494e-4,1,Senp61
4.4877160139467365e-9,0.36254021909181633,0.443,0.176,1.0474777948153077e-4,1,Dock81
4.508343479086377e-9,0.3837761420620449,0.35,0.118,1.0522924514535512e-4,1,Atf11
4.576746073860208e-9,0.4763884767877209,0.357,0.118,1.0682583010997111e-4,1,Herc11
4.612251158916086e-9,0.624697109985263,0.464,0.203,1.0765455430026038e-4,1,Cs1
4.735281610393589e-9,0.412026102352832,0.721,0.441,1.1052620806819676e-4,1,Pten1
4.752740569189478e-9,0.4215753511864344,0.4,0.15,1.109337176254516e-4,1,Exosc101
4.7967507305767055e-9,0.3515044244968655,0.657,0.329,1.1196095880239088e-4,1,Hnrnpd1
4.943036529384328e-9,0.3627617704288708,0.571,0.275,1.1537541563235961e-4,1,Rcc21
5.0000322471716756e-9,0.385001012745148,0.486,0.203,1.1670575268123407e-4,1,Gnl31
5.0320913458738e-9,0.7149333867264343,0.414,0.163,1.1745404410404037e-4,1,Mybbp1a1
5.208299063903549e-9,0.5376621530182626,0.279,0.078,1.2156690845057274e-4,1,Timm91
5.466023862685337e-9,0.5462966277907491,0.314,0.099,1.2758246297893844e-4,1,Ier5l1
5.466316911965047e-9,0.37509691430094705,0.686,0.385,1.2758930304217615e-4,1,Psma61
5.5781647093141215e-9,0.4563081030416747,0.643,0.326,1.301999424801009e-4,1,Slc1a51
5.706994034824716e-9,0.6297491213906454,0.4,0.15,1.3320694776684368e-4,1,C1qbp1
5.932789035001584e-9,0.36900206243539735,0.971,0.762,1.38477228865972e-4,1,Lcp11
5.9830131254889615e-9,0.25587672988973775,0.55,0.257,1.3964950936203786e-4,1,Ssu721
6.04484980580839e-9,0.48027003157696635,0.529,0.251,1.4109283931737363e-4,1,Bmp2k1
6.285847631206359e-9,0.3837276079108842,0.557,0.262,1.4671796955998762e-4,1,Supt5h1
6.370380731694683e-9,0.2973159459959178,0.486,0.203,1.486910566584856e-4,1,Rtf11
6.58760424362838e-9,0.4045667014769414,0.357,0.126,1.5376127065053002e-4,1,Crk1
6.605932364344199e-9,0.6454416418969808,0.393,0.152,1.5418906731615796e-4,1,Lypla21
6.611099830699971e-9,0.3029513338571057,0.55,0.246,1.5430968114836803e-4,1,Zc3h11a1
6.8544998265656906e-9,0.7879202594384447,0.371,0.136,1.599908804518698e-4,1,Rassf51
7.015277682576614e-9,0.5490612558981889,0.3,0.091,1.6374359638902074e-4,1,Ppp1r14b1
7.0890892368892544e-9,0.2753861150810746,0.386,0.136,1.654664318782321e-4,1,Zfp6441
7.594759293271662e-9,0.7011749949194814,0.307,0.094,1.7726927666425387e-4,1,Fundc21
7.790042226844023e-9,0.41338873608344406,0.307,0.094,1.8182737561676636e-4,1,Nutf21
7.871540457017173e-9,0.798503939749136,0.407,0.166,1.8372962580723783e-4,1,Morc31
8.013755840819783e-9,0.34187683362815724,0.321,0.104,1.8704907508057455e-4,1,Usp51
8.040446171512733e-9,0.4424853599304259,0.443,0.176,1.876720540892787e-4,1,Osbpl81
8.934073511392234e-9,0.45598238607845687,0.393,0.147,2.085302098294061e-4,1,Trim271
9.143371160346315e-9,0.7158030129261292,0.286,0.083,2.1341542625364333e-4,1,Kcna31
9.299597383097828e-9,0.983508240844392,0.286,0.088,2.170619025188864e-4,1,2510039O18Rik1
9.584091210448281e-9,0.3603032762502094,0.279,0.08,2.2370227294307333e-4,1,Wars1
9.89097585797499e-9,0.35692569387506,0.529,0.241,2.3086526750099422e-4,1,Ddx541
1.0257889846791848e-8,0.27113274939472465,0.729,0.401,2.3942940691396852e-4,1,Smg11
1.0738391877300274e-8,0.9297939246608635,0.357,0.134,2.506448048080657e-4,1,Ptpn221
1.0782167863457319e-8,0.28720248014747884,0.764,0.422,2.516665801009573e-4,1,Psme21
1.0829735111804723e-8,0.6280311985536158,0.286,0.086,2.52776847244634e-4,1,Epn11
1.1054746855919928e-8,0.6567170152425819,0.479,0.225,2.5802884636402703e-4,1,Mta21
1.132346719177868e-8,0.3826900875702952,0.479,0.209,2.6430104772330614e-4,1,Hif1a1
1.149497449530917e-8,0.27472661981613555,0.521,0.23,2.683041996950113e-4,1,Chd71
1.1538211047475002e-8,0.3750859549741472,0.6,0.318,2.69313384059114e-4,1,Ubap2l1
1.2507937000674184e-8,0.3471042720534441,0.414,0.163,2.919477575327361e-4,1,Dcun1d11
1.3020336027421709e-8,0.39855076394697697,0.379,0.142,3.0390766321605013e-4,1,Cept11
1.3925577881397646e-8,0.49222163515703965,0.271,0.078,3.2503691332970246e-4,1,Mzt11
1.3993232230383407e-8,0.7282527176457188,0.464,0.214,3.266160334893791e-4,1,Cse1l1
1.4005327299107403e-8,0.34534232295353595,0.514,0.235,3.268983444884659e-4,1,Stag21
1.4265644378237412e-8,0.26074936961168005,0.357,0.126,3.3297440543243945e-4,1,Suz121
1.4326385903371118e-8,0.5129310232121997,0.35,0.123,3.343921733705853e-4,1,Pgd1
1.4587969777072587e-8,0.2675301936991614,0.286,0.086,3.4049780256665126e-4,1,Slc25a461
1.4814733555596998e-8,0.5103389488751162,0.457,0.206,3.457906959211895e-4,1,Txndc161
1.4886591578677254e-8,0.4693730122003088,0.257,0.072,3.474679340379058e-4,1,Tmem170b1
1.499108729759176e-8,0.4463881892425512,0.657,0.35,3.499069686130893e-4,1,Nono1
1.5402437270384952e-8,0.9140093429926046,0.321,0.107,3.5950828832805514e-4,1,Slc25a121
1.5522491803675193e-8,0.35438456762501724,0.264,0.075,3.6231048118958266e-4,1,Nup2141
1.654544927942356e-8,0.9185678380504636,0.379,0.152,3.8618733163102534e-4,1,Zc3h7a1
1.6790769464815842e-8,0.8673810499129595,0.343,0.123,3.919133500782666e-4,1,Dctn11
1.7016903387092914e-8,0.4285753573910842,0.35,0.123,3.971915419581357e-4,1,Zc3h131
1.7414488210864077e-8,0.33947775470305874,0.693,0.422,4.064715693297784e-4,1,Lbh1
1.7469624009913174e-8,0.33569494003503975,0.35,0.126,4.077584940153834e-4,1,Nol91
1.8773354257257332e-8,0.47409118104617765,0.436,0.176,4.381888617186434e-4,1,Fbxo331
1.922549365530688e-8,0.32937572956476124,0.293,0.091,4.487422474085179e-4,1,Nbr11
1.9673836169712966e-8,0.7368814075032466,0.286,0.091,4.5920701003727033e-4,1,Bag61
2.105412697316884e-8,1.1316651048289113,0.321,0.112,4.914243776807339e-4,1,Rif11
2.1188523622134624e-8,0.3968377823035185,0.486,0.219,4.945613298642442e-4,1,Cmpk11
2.129268052284541e-8,0.35853741810220274,0.257,0.07,4.969924560837347e-4,1,Ell31
2.1442551477782756e-8,0.42816535484161733,0.621,0.332,5.004905940429273e-4,1,Fus1
2.162113029449909e-8,0.5549473281226347,0.314,0.104,5.046588022039032e-4,1,Klhdc31
2.1985173439565657e-8,0.48916335109255726,0.343,0.118,5.13155933252902e-4,1,Trappc2l1
2.2488411479355286e-8,0.3219778594054725,0.593,0.307,5.249020123396318e-4,1,Esyt11
2.3192253713621713e-08,0.32311896852189115,0.921,0.631,5.413303939296444e-4,1,Mcl11
2.4163956926628395e-8,0.3364079598470848,0.614,0.356,5.640109186244333e-4,1,Atp1b31
2.4492823898061454e-8,0.705395049284852,0.3,0.096,5.716870026046524e-4,1,1110014N23Rik1
2.452717693129358e-8,0.3883685503396448,0.321,0.107,5.724888367533234e-4,1,Hspbp11
2.4698528485521095e-8,0.6889611730602994,0.321,0.115,5.764883533805479e-4,1,Reep31
2.573246104463226e-8,0.6316128435263959,0.564,0.283,6.006213732427615e-4,1,Pde7a1
2.5873169776135724e-8,0.7785291661905345,0.357,0.136,6.03905655744784e-4,1,Efhd21
2.6070153752525432e-8,0.44294089329286823,0.379,0.142,6.085034587376961e-4,1,Xpo11
2.6074805804667973e-8,0.2771571845700995,0.429,0.176,6.086120422867552e-4,1,Bcar31
2.666127282358178e-8,0.3350162846400484,0.314,0.104,6.223007689752224e-4,1,Usp191
2.674761095095851e-8,0.30951514446911865,0.479,0.211,6.243159872063226e-4,1,Pik3cd1
2.7497513119084282e-8,0.8829972007828544,0.271,0.083,6.418194537125462e-4,1,Sept91
2.9517644102566458e-8,0.540215226692109,0.336,0.118,6.889713309980037e-4,1,Csnk1g11
2.9839352696953135e-8,0.4836932632861477,0.279,0.086,6.964803312995831e-4,1,Sfswap1
2.98637579188366e-8,0.47166966823378687,0.343,0.123,6.97049973583565e-4,1,Gpd21
3.045261841196868e-8,0.3878923944938446,0.6,0.299,7.107945663537609e-4,1,Nap1l41
3.102422331844832e-8,0.7281952896730606,0.314,0.107,7.241363964759022e-4,1,Scaf41
3.129301358308648e-8,0.36394913006509455,0.257,0.072,7.304102300428215e-4,1,Pphln11
3.1877397025780525e-8,0.3314388444377463,0.521,0.251,7.440503239787433e-4,1,Mll31
3.2147626766999316e-8,0.3487967403183827,0.486,0.23,7.503577563685311e-4,1,Aco21
3.3208430023549256e-8,0.5017191731226802,0.621,0.326,7.751179651796632e-4,1,Stat41
3.36222201190289e-8,0.35569927195447715,0.557,0.27,7.847762397982536e-4,1,Txn11
3.420261564497552e-8,0.3289681148075374,0.671,0.369,7.983232517693736e-4,1,Cct21
3.470578968396241e-8,0.32006786550904653,0.493,0.225,8.100678370133666e-4,1,Smek21
3.4901002503198924e-8,0.7023186691043715,0.471,0.222,8.146242994271661e-4,1,Vasp1
3.500583632392564e-8,0.3084648662005227,0.929,0.618,8.170712256367484e-4,1,Ucp21
3.5132628154724506e-8,0.39399046574222485,0.357,0.131,8.200306737594247e-4,1,Lsm121
3.5668864556712097e-8,0.3806089924356941,0.429,0.182,8.325469676182171e-4,1,Lax11
3.8297473731773505e-8,1.109977879545868,0.257,0.075,8.939013343733254e-4,1,D17Wsu92e1
4.194507961271794e-8,0.3415890997511237,0.721,0.43,9.790401032404494e-4,1,Dennd4a1
4.30770109097324e-8,0.46711312792116644,0.464,0.219,0.001005460511644064,1,Eprs1
4.30770109097324e-8,0.25711596976648465,0.471,0.217,0.001005460511644064,1,Bub31
4.3620441515089286e-8,0.31310327324223675,0.707,0.406,0.001018144725403699,1,Aldh21
4.4512335030482287e-8,0.3374412703656118,0.571,0.275,0.001038962411946487,1,Rap1a1
4.569405199748181e-8,0.3879743749837856,0.321,0.107,0.001066544867673223,1,Nab11
4.856672845389682e-8,0.324448660007862,0.621,0.334,0.0011335960088424057,1,Bcl11a1
4.858346622571351e-8,0.3676804046519413,0.529,0.257,0.001133986685174379,1,Nub11
4.960383504146336e-8,0.48121366406812127,0.6,0.305,0.0011578031137027963,1,Mob1a1
4.998300891342343e-8,0.39691539501870743,0.557,0.278,0.0011666534110482162,1,Rab11a1
5.0544911966586534e-8,0.275733894298682,0.557,0.273,0.0011797687902120964,1,Il161
5.66228426239488e-8,0.5684964678052902,0.314,0.11,0.001321633769685589,1,Eif4ebp21
5.8080851163882834e-8,0.4483782468316493,0.429,0.193,0.0013556651470161892,1,Ndufa121
5.876443290915091e-8,0.40603103721451195,0.529,0.278,0.0013716206285324915,1,Mapk11
5.90526305298379e-8,0.4198740713751352,0.314,0.102,0.0013783474491969464,1,Ttc191
6.161352990476674e-8,0.4883289576665586,0.436,0.184,0.0014381214015071603,1,Cnot41
6.224767829246453e-8,1.025809507233249,0.279,0.091,0.0014529230590244145,1,Map3k51
6.298671604602702e-8,0.5343440643268633,0.471,0.225,0.0014701729392303168,1,D14Abb1e1
6.485753868474148e-8,0.5476070672639648,0.357,0.139,0.0015138398104405507,1,Smarcc21
6.509934588012649e-8,0.5843411671407575,0.386,0.16,0.0015194838321880323,1,Mapkapk21
6.626768326414168e-8,0.4485858911352736,0.536,0.262,0.0015467539950683308,1,Ppm1g1
6.645069541338586e-8,0.646426737018404,0.364,0.144,0.0015510256816438394,1,Fam76b1
6.676310883594046e-8,0.47407854459605314,0.771,0.511,0.0015583177233396864,1,Foxo11
6.890757450643987e-8,0.4346909449516878,0.507,0.241,0.0016083716965548131,1,Ddx211
6.975069408182558e-8,0.29284509890125143,0.464,0.209,0.0016280509505638909,1,Sh3bgrl1
7.046901016736621e-8,0.6479715780308313,0.257,0.078,0.0016448171663164947,1,Prmt51
7.056618588549349e-8,0.2888803424977695,0.45,0.19,0.0016470853447533036,1,Esd1
7.267548752346186e-8,0.4075534570246031,0.371,0.147,0.0016963185542851233,1,Commd81
7.431732250209733e-8,0.9924607693167493,0.321,0.12,0.0017346406245214538,1,Trp53inp11
7.659586135458256e-8,0.2819826443396001,0.657,0.364,0.0017878239998773114,1,Pou2f21
7.68198932641483e-8,0.8004742482845031,0.271,0.088,0.0017930531286784856,1,Ppp4r21
7.805974250479559e-8,0.5809610242782757,0.279,0.091,0.0018219924498044339,1,Usp361
7.883518210995164e-8,0.5864888758588065,0.271,0.083,0.0018400919856283813,1,Slc7a61
7.979905860897559e-8,0.3730069984528308,0.264,0.08,0.0018625898269920994,1,Chmp4b1
8.402313419256826e-8,0.30420058770984326,0.414,0.182,0.0019611839751887358,1,Zfp8001
8.447724339018707e-8,0.3092778663870286,0.479,0.214,0.0019717833379703565,1,Myst31
8.867970673663343e-8,0.3215741557624332,0.429,0.182,0.002069873034939761,1,BC0067791
8.889516919434865e-8,0.30094406997757694,0.436,0.179,0.0020749021441652917,1,Ccdc591
9.264522275851821e-8,0.43206508648339437,0.507,0.259,0.0021624321444065737,1,Psmd21
9.27204579425184e-8,0.5841320870168412,0.314,0.112,0.002164188208836322,1,Fam117b1
9.601713936260895e-8,0.26310554840675593,0.707,0.396,0.0022411360498626556,1,Pitpna1
9.78272381464621e-8,0.4392625528791463,0.493,0.246,0.002283385565576572,1,Ddx171
9.858459070949477e-8,0.34750495180349894,0.464,0.203,0.0023010629317503175,1,Rapgef11
1.0024027586604629e-7,0.5966758390477698,0.45,0.198,0.0023397082789893865,1,Tmem641
1.013433894298942e-7,0.7388502147484437,0.336,0.131,0.0023654560526831605,1,Mfsd11
1.0233546938868962e-7,0.35389632078950806,0.321,0.118,0.0023886121910014044,1,Fbxl31
1.0344003229418474e-7,0.5142510058646281,0.257,0.075,0.002414393793778566,1,Lars1
1.0576184572819642e-7,0.6180158338771871,0.257,0.08,0.0024685872411418326,1,Zfp2811
1.1122816028016432e-7,0.3128058878753799,0.257,0.08,0.0025961764890993153,1,Sptlc11
1.1281652624899975e-7,0.37268469689712047,0.371,0.155,0.002633250539177903,1,Eif2c21
1.1740445361296804e-7,0.33383364510097824,0.521,0.262,0.002740337351780287,1,Rasgrp31
1.1780508731962971e-7,1.2559559792484225,0.271,0.096,0.002749688543127477,1,Lck1
1.1918327667103981e-7,0.6622488980530283,0.5,0.254,0.0027818568607787405,1,Slc44a21
1.2268334675060587e-7,0.6406363419158634,0.4,0.174,0.0028635519965058915,1,Got21
1.2693491214174757e-7,0.39385187142625444,0.3,0.102,0.00296278778430053,1,Trappc31
1.2745463724824837e-7,0.6018284891008117,0.379,0.158,0.0029749186880113653,1,Setx1
1.275995416192946e-7,0.299171666116286,0.514,0.254,0.0029783009009359553,1,Galnt12
1.3015626687261057e-7,0.48895833248009524,0.493,0.243,0.0030379774250736034,1,Tsc22d21
1.3424587813015347e-7,0.6751266433900915,0.414,0.187,0.003133433041435912,1,Sema4d1
1.4048982289249482e-7,0.8205284567692779,0.307,0.11,0.0032791729561337216,1,BC0164231
1.4565429775220079e-07,0.25551838475854183,0.7,0.406,0.0033997169638341185,1,Mtdh1
1.5086178495718858e-7,0.39740501489071267,0.357,0.142,0.0035212649226857387,1,Rnf61
1.516143191347572e-7,0.338513014074171,0.986,0.829,0.0035388298229243674,1,Ncl1
1.5245789964229625e-7,0.3030520493618729,0.3,0.104,0.003558519835550837,1,Srpk11
1.609951163235503e-7,0.4457168769015727,0.743,0.473,0.0037577870101079876,1,Mif1
1.6266028510377888e-7,0.6478137031119169,0.464,0.225,0.0037966537146073027,1,Snrnp701
1.6299550448043324e-7,0.39840557544504085,0.329,0.123,0.003804478070077792,1,Plekhm31
1.641352334016914e-7,0.2901704442154811,0.336,0.126,0.003831080482828879,1,2310033P09Rik1
1.665380509059444e-7,0.325666349079893,0.714,0.441,0.0038871646461956485,1,Eif3c1
1.6854182105936614e-7,0.25338297145215716,0.664,0.348,0.003933934645346665,1,Nme11
1.8022659982597858e-7,0.7273401268535613,0.264,0.088,0.004206669066538166,1,Suclg21
1.8664356253370446e-7,0.5639521774794582,0.379,0.155,0.004356447393099196,1,Cep1201
1.9107158539982103e-7,0.2661190689777655,0.407,0.171,0.004459801874817222,1,Cdk41
1.921113060550101e-7,0.3110685086942704,0.479,0.219,0.004484069994629991,1,Cdc5l1
1.9816078020673313e-7,0.3367729076809809,0.421,0.187,0.004625270770805358,1,Safb1
1.9985903338380376e-7,0.6045489853899015,0.329,0.126,0.004664909698211364,1,Mdm41
2.0220625822967435e-7,0.49165527926706076,0.307,0.115,0.004719696273338829,1,Slc38a101
2.0545917184955684e-7,0.3640015822570333,0.429,0.187,0.004795622530140506,1,Brd31
2.0688877502702758e-7,0.2835589478530358,0.679,0.414,0.00482899089790585,1,Eif2s21
2.0930337626518698e-7,0.4953147450381086,0.386,0.166,0.004885350105405729,1,Cbx41
2.1612928793956452e-7,0.6508824063955774,0.379,0.16,0.005044673709797376,1,Snrpb21
2.2092437143381824e-7,0.4101068507164438,0.5,0.257,0.005156595753636752,1,Snn1
2.2685483783074706e-7,0.337605690610447,0.421,0.184,0.005295018769807467,1,Siah21
2.2745624447513634e-7,0.6295878317310781,0.257,0.08,0.0053090562022941575,1,Sdad11
2.2766301363061924e-7,0.4169470835252955,0.314,0.115,0.005313882401152284,1,Ftsj31
2.2846403279835824e-7,0.3584344246492437,0.536,0.273,0.00533257898954648,1,Rhoh1
2.3005801216687687e-7,0.5915816651279506,0.286,0.107,0.005369784061987073,1,Orc31
2.3018696655163108e-7,0.3369135096950062,0.271,0.088,0.005372793986281621,1,Smarcad11
2.3229340959060598e-7,0.3076910142837237,0.986,0.901,0.005421960473254334,1,Eef21
2.3553067555886316e-7,0.29560676572519773,0.271,0.091,0.005497521498219425,1,Srf1
2.386437721231587e-7,0.2655348445978518,0.571,0.286,0.005570184285126647,1,Nedd91
2.4843098537985964e-7,0.36496998857653873,0.443,0.209,0.005798627629751304,1,Rad23b1
2.4944229740050244e-7,0.39816874230157007,0.336,0.134,0.005822232663625127,1,Inpp5f1
2.611665549411019e-7,0.4158437278736864,0.314,0.12,0.006095888558880259,1,Slc4a71
2.6138333365228403e-7,0.35365927898995597,0.55,0.283,0.006100948390777961,1,Srebf21
2.6330567088553643e-7,0.6786826824448284,0.264,0.086,0.006145817664139306,1,Crebzf1
2.6865832642101666e-7,0.4937422888219878,0.364,0.147,0.00627075399699295,1,Cldn251
2.7462750632095875e-7,0.3764873513984237,0.357,0.147,0.006410080625037499,1,Mbd21
2.891018979641141e-7,0.4915502620981247,0.286,0.096,0.006747927400380387,1,Med301
2.9184096536815493e-7,0.30775143117137427,0.314,0.118,0.006811859972658104,1,Ppp1r13b1
3.0427839527166774e-7,0.28845297841962303,0.35,0.144,0.007102162024035997,1,Tmem1651
3.107075621717215e-7,0.5347517459798508,0.264,0.088,0.007252225208650151,1,Krcc11
3.138400558538019e-7,0.40607583866730845,0.5,0.257,0.00732534074368359,1,Ppp2r5a1
3.3157214772972524e-7,0.850334272416529,0.35,0.144,0.007739225500159517,1,Snhg11
3.375631506808878e-7,0.47056040009655753,0.471,0.235,0.007879061500042603,1,Rdx1
3.464875463794401e-7,0.40672536306716456,0.471,0.235,0.00808736582004251,1,Man2b11
3.476184968803107e-7,0.8157261058679812,0.357,0.15,0.008113763335683331,1,Arfgef11
3.504925686705205e-7,0.7326808463271419,0.279,0.096,0.00818084704533862,1,Ppp1r81
3.528687865306095e-7,0.46591340684266314,0.457,0.23,0.008236310346410956,1,Clptm11
3.606759351737819e-7,0.510963653512333,0.271,0.088,0.008418537002891243,1,Cherp1
3.6418542742821503e-7,0.42444554838560355,0.336,0.134,0.008500452061601967,1,Sppl31
3.731020619880042e-7,0.5012302813286715,0.507,0.249,0.008708575228862005,1,Dock111
3.761624143262425e-7,0.34089478462159617,0.621,0.364,0.008780006912788825,1,Cltc1
3.814494542361877e-7,1.1832177068836858,0.329,0.136,0.008903411711326857,1,Sertad21
3.8403204138623487e-7,0.27660477578275344,0.821,0.545,0.008963691877996107,1,Ralgps21
3.9462370917018033e-7,0.8972015792015244,0.279,0.099,0.00921091199574118,1,Rabif1
3.9881057079574384e-7,0.2633775733383086,0.407,0.179,0.009308637532943457,1,Ahctf11
4.1373545590262475e-7,0.5794739371215618,0.407,0.19,0.009656999276223164,1,Amfr1
4.197924033876405e-7,0.4204412158007087,0.357,0.15,0.009798374487470916,1,Prrc2a1
4.372946022104595e-7,0.2501372578252772,0.321,0.123,0.010206893310194335,1,Bbx1
4.403607649132152e-7,0.4119557278022379,0.45,0.214,0.010278460613839356,1,Pptc71
4.450781665915557e-7,0.2997033443475532,0.871,0.631,0.010388569486413502,1,Hsp90b11
4.5457202818687783e-7,0.4332370277199926,0.393,0.176,0.010610165709909915,1,Immt1
4.609346601517095e-7,0.6920649938127674,0.279,0.096,0.010758675902601052,1,2310045N01Rik1
4.632841796671695e-7,0.345258505782029,0.457,0.214,0.010813516037611402,1,1500003O03Rik1
4.67043772514735e-7,0.36742038669038557,0.693,0.439,0.01090126869426643,1,Snx91
4.727694983919269e-7,0.6184488931670273,0.407,0.184,0.011034912861965967,1,Sf3b31
4.810190354424518e-7,0.3060901520626773,0.636,0.388,0.011227465306262268,1,Atp2a31
4.82492998800105e-7,0.5082248132119815,0.257,0.086,0.011261869084993251,1,Helz1
4.851655266417047e-7,0.3122540357479586,0.293,0.104,0.011324248557344029,1,Def61
4.864857091691726e-7,0.9312858098860746,0.307,0.12,0.011355062937717656,1,Tnpo31
4.989218690032212e-7,0.40916538615786546,0.493,0.257,0.011645335344404185,1,Pink11
4.99219401260036e-7,0.2740370070021183,0.329,0.123,0.011652280044810502,1,Clec2i1
5.142279041610541e-7,0.5153901449653482,0.286,0.104,0.012002593511023164,1,Dld1
5.211218179211635e-7,0.3102858516084317,0.264,0.088,0.012163504352097877,1,Ahcyl21
5.291885118697108e-7,0.46083304300448935,0.3,0.112,0.012351789055550918,1,Cpsf11
5.307552792360902e-7,0.28806878600589503,0.6,0.356,0.012388358972649581,1,Rpn21
5.32846432475061e-7,0.2541349341971859,0.7,0.43,0.012437168580400398,1,Smarca51
5.372688878450959e-7,0.30497771329226175,0.621,0.369,0.012540393111192384,1,Neurl31
5.555991989473994e-7,0.2697494881784497,0.279,0.096,0.01296824090263125,1,Prpsap21
5.621646530980157e-7,0.3875398180138552,0.343,0.142,0.013121485167960785,1,Mfap31
5.665636573026525e-7,0.547837747070131,0.271,0.094,0.013224162325101211,1,Cd2bp21
5.679102316096836e-7,0.3057828196072432,0.314,0.112,0.013255592716001624,1,Gm49021
5.716140794520715e-7,0.5665744348815482,0.307,0.118,0.013342044228490802,1,Gigyf21
5.798273971960669e-7,0.5121649447490242,0.314,0.126,0.013533751277953397,1,Atp6v1h1
5.840464714039636e-7,0.5338022561936793,0.364,0.152,0.013632228689039915,1,Glrx31
6.411651073351079e-7,0.35646835430142065,0.421,0.201,0.014965434770308754,1,Ndufv11
6.49276145567714e-7,0.26349821544570107,0.336,0.131,0.015154754513696014,1,2810013P06Rik1
6.51101925978894e-7,0.8527472193841459,0.279,0.102,0.015197370054273364,1,Usp141
6.525408185686343e-7,0.37774900270891454,0.5,0.241,0.015230955246210494,1,Tnfaip81
6.630990372427632e-7,0.6764047141834013,0.329,0.126,0.015477394628283335,1,6820431F20Rik1
6.655938471777699e-7,0.3619471384727806,0.564,0.318,0.015535625986976328,1,1700081L11Rik1
6.66587473801799e-7,0.4459504519847668,0.45,0.219,0.015558818226007791,1,Ubtf1
6.768350217083512e-7,0.8752872498330602,0.321,0.128,0.015798006241694626,1,Pcm11
6.827898019438503e-7,0.3072928566820128,0.307,0.112,0.01593699676717141,1,Apeh1
6.944698012598402e-7,0.94571909424663,0.257,0.086,0.01620961963120593,1,Ube3b1
7.028674302908072e-7,0.47158459976442657,0.371,0.16,0.01640562869041773,1,Tomm70a1
7.211300933939224e-7,0.6039883898929332,0.371,0.168,0.01683189750990754,1,Fnip11
7.311677485519708e-7,0.9319642622456383,0.286,0.104,0.01706618641895155,1,5031439G07Rik1
7.411203451165334e-7,0.2504340394520659,0.514,0.251,0.017298489975365008,1,Vav11
7.432806244081443e-7,0.914864572449992,0.336,0.136,0.017348913054310494,1,Atp2c11
7.498508908868124e-7,0.6850523639114243,0.329,0.134,0.01750226964418909,1,Abca11
7.578988471317273e-7,0.36804496258286523,0.45,0.214,0.017690116990901648,1,Sars1
7.828544885785017e-7,0.5692429236662098,0.264,0.091,0.01827260661791081,1,Twsg11
8.192164138056417e-7,0.2835325592357254,0.8,0.524,0.01912133031463748,1,C130026I21Rik1
8.36603235562297e-7,0.3784591030354645,0.293,0.107,0.019527156121259576,1,Zfp3351
8.407974848554114e-7,0.38178201170841675,0.386,0.171,0.019625054094010157,1,Rae11
8.557944439602997e-7,0.39903819397689055,0.436,0.206,0.019975098116477356,1,Cul11
8.607037926698524e-7,0.27624812877267413,0.471,0.23,0.020089687224707022,1,Akirin11
8.751745378768754e-7,0.39123345541813315,0.314,0.12,0.020427448888584148,1,Scyl11
9.414554616721093e-7,0.384114998939864,0.271,0.096,0.021974511930888705,1,Hook31
9.574185378109986e-7,0.5390085024423263,0.279,0.102,0.02234710609104652,1,Cdc401
9.62253780793332e-7,1.113325401799667,0.271,0.102,0.022459965497497163,1,Mkl11
9.69793333019347e-7,0.3035075355799117,0.307,0.115,0.022635946186004577,1,Rbm341
1.0094407431497579e-6,0.6455873656900262,0.271,0.099,0.0235613563858585,1,Plaa1
1.0108645458112769e-6,0.29416183677891405,0.371,0.166,0.023594589363781015,1,Cyld1
1.0269840725777928e-6,0.30544579816996587,0.264,0.094,0.023970835238038262,1,Slc25a11
1.0324733893297846e-6,0.4654078351377171,0.557,0.324,0.024098961380346503,1,Hspa91
1.0582645452553698e-6,0.3814460313034864,0.357,0.15,0.024700952750805586,1,Dpf21
1.0620467356576086e-6,0.8052615350432539,0.279,0.102,0.024789232856984242,1,Zfp1311
1.0844272627534506e-6,0.45869655063899106,0.271,0.099,0.02531161673992829,1,Ganab1
1.105814263011006e-6,0.32957377696498424,0.271,0.096,0.02581081071293989,1,Trafd11
1.1434249798582542e-6,0.6462976384661574,0.307,0.123,0.026688682454871514,1,Rab5b1
1.1746655040754952e-6,0.3055298841799736,0.264,0.094,0.027417867530626132,1,Dennd1c1
1.209536709413764e-6,0.49823066754754297,0.35,0.15,0.028231796334426667,1,Cebpg1
1.246259777543645e-6,0.7921936259722968,0.286,0.112,0.029088949467646216,1,Txlna1
1.2478515237574905e-6,0.4920209847400656,0.279,0.099,0.029126102416023585,1,Dennd1b1
1.2631855384219515e-6,0.5116923352457938,0.286,0.107,0.029484013652306768,1,Rragc1
1.276710661451457e-6,0.48902041905670446,0.286,0.107,0.029799703548938457,1,Tbc1d11
1.331670037707848e-6,0.30453305759311267,0.407,0.19,0.03108251035013888,1,Erbb2ip1
1.355316725009224e-6,0.3016676873150548,0.386,0.182,0.03163444767844029,1,Psmd11
1.3621409594634895e-6,0.2718963802363654,0.343,0.15,0.031793732134837306,1,Arhgef61
1.3673465281416328e-6,0.33442646239367413,0.536,0.286,0.03191523531335385,1,Dnm21
1.4077314764942148e-6,0.661445151601229,0.3,0.115,0.03285786039285147,1,Gltscr11
1.4151849253553416e-6,0.3617232009857121,0.493,0.265,0.03303183134271903,1,Slc25a41
1.4286922637217449e-6,0.44623210203308483,0.343,0.15,0.033347106127529245,1,Mark31
1.4388233064278248e-6,0.27591917999739213,0.679,0.385,0.03358357479533186,1,Siglecg1
1.4619717426522432e-6,0.6164507091542415,0.321,0.131,0.03412388244524601,1,Pes11
1.4790769416653707e-6,0.46865061756406323,0.3,0.118,0.034523134895411416,1,Zyg11b1
1.5135554851214052e-6,0.7620306509764756,0.321,0.131,0.03532789857821872,1,Cant11
1.5721632151634846e-6,0.27079864422564093,0.757,0.479,0.03669586160513089,1,Cybasc31
1.5801176924187832e-6,0.34452138497813367,0.307,0.12,0.03688152705874682,1,Htatsf11
1.5829645078714474e-6,0.5138551079915947,0.329,0.136,0.036947974578227454,1,Adcy71
1.5897220430799657e-6,0.2661365244576466,0.5,0.259,0.03710570220752948,1,Hectd11
1.632013740229932e-6,0.31611027168661154,0.429,0.203,0.03809283271070684,1,B230219D22Rik1
1.6340873622405273e-6,0.30061997883322933,0.371,0.166,0.038141233122056147,1,Jarid21
1.6343015276151845e-6,0.3580513678614672,0.414,0.206,0.03814623195606602,1,Celf11
1.635778092306292e-6,1.4463956734177454,0.457,0.267,0.03818069645252116,1,Grn1
1.671568522628926e-6,0.39825007474454033,0.257,0.091,0.03901608088668176,1,Parp41
1.6758720607770602e-6,0.3321020682928517,0.314,0.128,0.03911652977059736,1,Arih21
1.676480925204242e-6,0.3431357718836141,0.5,0.273,0.03913074127519221,1,Ccnd31
1.6846304986349277e-6,0.339434442615822,0.343,0.144,0.039320960468637846,1,Tcerg11
1.7103169385469582e-6,0.5395000410807156,0.286,0.104,0.03992050766262455,1,Cdk171
1.7293369469281028e-6,0.403114844630438,0.393,0.179,0.04036445367824885,1,Zfml1
1.7548916417691552e-6,0.2612253255341337,0.507,0.249,0.04096092581053385,1,A130040M12Rik1
1.8300661660771e-6,0.2900078132443653,0.4,0.184,0.04271557438240559,1,Cep1101
1.837420144519398e-6,0.42669902826778205,0.279,0.104,0.04288722359322727,1,Ccdc1151
1.8768784312180847e-6,0.4372444418839896,0.521,0.273,0.043808219463061314,1,Vbp11
1.8798620259881332e-6,0.46205834692958714,0.271,0.099,0.04387785954858902,1,Sgk31
1.8958764934573714e-6,0.28551845038872514,0.364,0.166,0.044251653233788504,1,Gmip1
1.964057568596629e-6,0.5068828738449707,0.286,0.112,0.04584306770861392,1,Prrc2b1
1.9936443327359286e-6,0.29341650951666054,0.7,0.452,0.04653365237038931,1,Capza21
2.066133774918939e-6,0.35123454756347705,0.393,0.184,0.04822562844038296,1,Cep571
2.096876431876787e-6,0.5243434798213054,0.257,0.094,0.04894319279643609,1,Vac141
2.1656760963837593e-6,0.3276240435965896,0.314,0.131,0.05054904576569332,1,Snrk1
2.1991758720972192e-6,0.35071872185475295,0.3,0.115,0.05133096403062119,1,Gnal1
2.2086244762578146e-6,0.6132960863419119,0.264,0.102,0.051551503900333646,1,Pip5k1c1
2.2237028527106456e-6,0.2626615440339184,0.3,0.118,0.051903448285119176,1,Nfat51
2.2428277387453064e-6,0.3310681908126014,0.429,0.209,0.05234984225005419,1,Sumo31
2.3027766327856287e-6,0.25794637108153573,0.364,0.158,0.05374910938584936,1,Cdc341
2.304801707212505e-6,0.25660748942098177,0.6,0.364,0.05379637664804708,1,Sla1
2.350152697694086e-6,0.5181126155766496,0.35,0.155,0.054854914116877665,1,Rnpepl11
2.4128820501353636e-6,0.3133212314092635,0.443,0.222,0.05631907993220952,1,Eif3b1
2.4318347895671394e-6,0.3517561418494086,0.679,0.425,0.0567614558232866,1,Fam108b1
2.47559322670126e-6,0.4572499283259246,0.271,0.102,0.05778282150443411,1,1190005F20Rik1
2.501249047487916e-6,0.31924107296768245,0.407,0.203,0.05838165401741545,1,Kcnq1ot11
2.5042568001674308e-6,0.5815684449179361,0.371,0.168,0.058451857972708,1,Sin3a1
2.5114521280731447e-6,0.29473127041493363,0.493,0.254,0.05861980412135527,1,Prpf81
2.5724809544992472e-6,0.3529262255746701,0.307,0.123,0.06004427795896693,1,Seh1l1
2.5880235680675335e-6,0.4093183770908535,0.679,0.401,0.0604070581022643,1,Ifi27l2a1
2.6546648404574593e-6,0.808540716140246,0.314,0.136,0.061962532041117555,1,Mapk141
2.6918866056487193e-6,0.6127036945010085,0.493,0.278,0.06283132526244675,1,Wsb11
2.7413824146802336e-6,0.2749378928771815,0.443,0.222,0.06398660694105134,1,Gltp1
2.775783207415602e-6,0.3862252358880305,0.593,0.356,0.06478955584428757,1,Itprip1
2.789472013910857e-6,0.32132031462686506,0.293,0.118,0.06510906627669331,1,Maz1
2.795993734561244e-6,0.5996494344642072,0.293,0.12,0.065261289758394,1,Ddx581
2.7971267906950175e-6,0.36945648825218846,0.486,0.262,0.0652877364216124,1,Copb11
2.8197713280840886e-6,0.39312079926358967,0.329,0.139,0.06581628256881071,1,Cds21
2.908564014562783e-6,0.2862720099108351,0.5,0.275,0.06788879266390992,1,Pias11
3.0196512916341677e-6,0.28638211078105424,0.529,0.294,0.0704816807980331,1,Ppp2r2a1
3.087762334120371e-6,0.2783066114894748,0.257,0.094,0.07207146064070358,1,Brcc31
3.1197385708837657e-6,0.33449574761674894,0.314,0.131,0.07281781798299798,1,Ncor21
3.1307944582556453e-6,0.32343441300726816,0.571,0.321,0.07307587345014502,1,Papola1
3.274691043454753e-6,0.38746401343197867,0.5,0.265,0.07643456364527738,1,Arhgap171
3.27582186294407e-6,0.7334726023162368,0.264,0.099,0.07646095810297754,1,9930111J21Rik11
3.2885678852610505e-6,0.3014527174691253,0.257,0.091,0.07675846300987818,1,Rab91
3.303069006352253e-6,0.8143700875886428,0.271,0.11,0.07709693367726793,1,Vcpip11
3.3034313944703826e-6,0.27281534394694873,0.686,0.412,0.0771053921783332,1,Sipa11
3.3372925023068452e-6,0.4414036518641904,0.279,0.107,0.07789574429634408,1,Psme41
3.3757834010488473e-6,0.6329137330224865,0.357,0.166,0.07879416036388115,1,Noc2l1
3.423066234093697e-6,0.41336059708962924,0.321,0.134,0.07989778896998098,1,Uhrf1bp1l1
3.5144451144824045e-6,0.3834958193551823,0.257,0.096,0.0820306634171338,1,Lrpprc1
3.5278708774467686e-6,0.465320690385961,0.321,0.136,0.08234403415048502,1,Ecd1
3.600120482093547e-6,0.2642512239581585,0.286,0.115,0.08403041217254549,1,Kcmf11
3.6015742809365968e-6,0.47248993893914193,0.536,0.316,0.0840643452913411,1,Prkcd1
3.749434930467933e-6,0.2587274511515618,0.457,0.227,0.08751556071205202,1,Smek11
3.924485408620256e-6,0.3576782961841456,0.757,0.529,0.09160141392260539,1,Csde11
3.953535959532356e-6,0.41284339557629357,0.279,0.107,0.09227948283144471,1,Daxx1
3.968490882468994e-6,0.2855187168372284,0.45,0.233,0.09262854568770879,1,Prdx21
3.994594069003094e-6,0.38035978924057545,0.379,0.179,0.0932378201646012,1,Eif4e1
4.003528841349632e-6,0.30137022297379046,0.264,0.099,0.09344636668594176,1,B630005N14Rik1
4.179205059453212e-6,0.5998675525714066,0.45,0.238,0.09754682529269743,1,Zfp36l21
4.188463865090935e-6,0.3691669162856819,0.414,0.209,0.09776293507508751,1,Nuak21
4.225979168465242e-6,0.46385299969348104,0.393,0.193,0.0986385797711472,1,Mdm21
4.36562178994819e-6,0.25878625442307124,0.329,0.147,0.10189797819918071,1,Rap1gds11
4.378235805483322e-6,0.4449847691319482,0.364,0.171,0.10219240193578623,1,Phf31
4.475032424812801e-6,0.40286688270117477,0.35,0.16,0.1044517318275556,1,5031414D18Rik1
4.487782519412818e-6,0.27305710919165804,0.521,0.307,0.10474933178561459,1,Serinc11
4.731499420173013e-6,0.6159697235692594,0.386,0.19,0.11043792796625829,1,Psmd141
4.746712200626465e-6,0.38376598203827905,0.429,0.217,0.11079300947482232,1,Azin11
4.777214300881195e-6,0.304817981849832,0.45,0.225,0.11150495899686798,1,Heg11
4.912944010135662e-6,0.31409792245348367,0.379,0.179,0.11467302614057648,1,Gtf3c21
4.923214514237751e-6,0.29176819085737105,0.429,0.211,0.11491274997682334,1,Chchd31
5.163687564625078e-6,0.7413952569294526,0.293,0.12,0.12052563144591394,1,Ormdl21
5.2312570762545545e-6,0.3499973334135209,0.257,0.096,0.12210277141685756,1,Nt5c21
5.234886328138925e-6,0.46301218762322005,0.264,0.102,0.12218748178509066,1,Mkln11
5.289271726495508e-6,0.3477516252134123,0.264,0.102,0.12345689136813165,1,Fam54b1
5.477565969595268e-6,0.5183868957741335,0.307,0.128,0.12785186729632314,1,Qars1
5.530754683099722e-6,0.2708776338353722,0.279,0.11,0.1290933450582306,1,Mbnl31
5.5665839419867894e-6,0.5109527772674838,0.386,0.201,0.12992963578991365,1,Ptp4a11
5.691725317078693e-6,0.29230311789167196,0.357,0.166,0.13285056062593378,1,Ergic21
5.708183694636863e-6,0.2841394976520446,0.293,0.123,0.13323471561651903,1,Spg71
5.724500320316997e-6,0.34746929620205425,0.436,0.219,0.13361556197651903,1,Trim12c1
5.76746342372373e-6,0.5653700711955723,0.443,0.243,0.13461836377313557,1,Gls1
5.822154758690499e-6,0.25549524220572994,0.35,0.158,0.13589491422259495,1,Mgat11
5.882400949450345e-6,0.5422140404451286,0.307,0.128,0.1373011205611205,1,Ppp1r15b1
5.931498518853497e-6,0.3064925578816977,0.429,0.219,0.1384471069285595,1,Lsm14a1
6.0390225080057285e-6,0.29352121582043367,0.936,0.725,0.14095682435936172,1,Calr1
6.0916200805364135e-6,0.4971887613540198,0.279,0.115,0.14218450429980042,1,Stard71
6.195985333609646e-6,0.5488439412503285,0.329,0.144,0.14462049367178273,1,Chordc11
6.418910107072112e-6,0.2704079203559955,0.564,0.324,0.14982378080917017,1,Ddx39b1
6.698879974029298e-6,0.5116224583407498,0.307,0.131,0.15635855747381786,1,Btf3l41
6.789548491792341e-6,0.5415433393879621,0.414,0.214,0.15847485134692502,1,Pag11
6.9436738479789505e-6,0.2977616162333012,0.507,0.267,0.16207229128567668,1,Hspd11
6.953967620572921e-6,0.28499265314188715,0.393,0.193,0.16231255823179255,1,Arcn11
6.955280483065523e-6,0.4047744188665483,0.307,0.131,0.16234320175523237,1,Aph1a1
7.028554679154627e-6,0.6907823820774648,0.307,0.134,0.16405349476614814,1,Ppm1b1
7.269520372713841e-6,0.3876414577630425,0.429,0.219,0.16967787501951376,1,Ubn11
7.272199155317272e-6,0.2931918463302905,0.371,0.176,0.16974040048426045,1,Ppp1r101
7.2961761385471165e-6,0.6622233783726075,0.264,0.104,0.17030004724982825,1,Mogs1
7.297340038958129e-6,0.35603509837946135,0.279,0.112,0.1703272138493217,1,Ufc11
7.323198479798283e-6,0.3762888744522366,0.307,0.131,0.17093077571697174,1,Eps151
7.354785453573087e-6,0.26710542791805647,0.479,0.265,0.17166804727184942,1,Anapc51
7.442878640570099e-6,0.5629970804290254,0.371,0.193,0.17372423034954668,1,Slc30a51
7.5096102075334846e-6,0.6203422654449411,0.293,0.123,0.17528181185403907,1,Fam48a1
7.557770390390337e-6,0.2600802149944199,0.257,0.102,0.17640591868210084,1,Dnmt3a1
7.713884597961429e-6,0.5378712308547557,0.307,0.136,0.1800497804010177,1,Ccng21
7.925892679512895e-6,0.6037052081092633,0.457,0.241,0.18499826103251046,1,Samd9l1
7.979020284091553e-6,0.32042826964533644,0.257,0.096,0.18623831245098094,1,Pafah1b31
8.397913689809658e-6,0.48195711443062006,0.286,0.12,0.19601570343384722,1,Ccdc971
8.455565883492708e-6,0.72917762338193,0.279,0.12,0.1973613632866033,1,Chka1
8.547153616116846e-6,0.28031987906579126,0.286,0.115,0.1994991125537833,1,Ripk21
8.74393014064364e-6,0.2628264249711165,0.307,0.134,0.20409207341276323,1,Ufm11
8.884866727897035e-6,0.6372578368661985,0.321,0.144,0.2073816742958447,1,Ppp6r31
8.952207665805818e-6,0.7114444708900112,0.279,0.126,0.2089534791275736,1,Oxct11
9.032872029211786e-6,0.2525436888736241,0.979,0.821,0.2108362660338323,1,Ddx51
9.151656173876935e-6,0.6298243985118104,0.393,0.206,0.21360880675446153,1,Gnai31
9.421899764026686e-6,0.3025823868471047,0.921,0.722,0.21991656239214688,1,Psap1
9.515518867923743e-6,0.3884513390084221,0.336,0.155,0.22210172589620808,1,Tes1
9.601601335077236e-6,0.27197236464522545,0.436,0.217,0.22411097676203776,1,Rab431
9.68812818231877e-6,0.271134753421181,0.557,0.31,0.2261305999035024,1,Llph1
9.861652682165825e-6,0.3079126421833922,0.307,0.131,0.23018083525443253,1,Atad11
9.96420131902354e-6,0.3021679185379713,0.479,0.27,0.23257442298732844,1,Wac1
1.0023046208303213e-5,0.8203272303909563,0.264,0.107,0.23394792154800528,1,Tdp21
1.0135413356747743e-5,0.40534631523345555,0.457,0.238,0.23657068315984908,1,Rrbp11
1.0295349153114158e-5,0.5627772789720935,0.271,0.112,0.24030374458283757,1,Eif2a1
1.036821776045988e-5,0.4019078694401639,0.393,0.201,0.24200457074689405,1,Arap21
1.0464270533195552e-5,0.39393928878532236,0.286,0.12,0.24424653851531736,1,Pycard1
1.0677704764520556e-5,0.2590240454326658,0.364,0.174,0.2492283069086743,1,Nsun21
1.0682756566174117e-5,0.2600296352776219,0.643,0.39,0.24934622101107007,1,Ctbp11
1.1024429759720307e-5,0.4847439802567841,0.321,0.15,0.2573212150216317,1,Aggf11
1.1065708846009184e-5,0.38173301006725424,0.357,0.176,0.2582847101747004,1,Luc7l1
1.1137764363845718e-5,0.36455474632284,0.321,0.152,0.2599665580165229,1,Slc25a391
1.1164307951284055e-5,0.26484717754211085,0.379,0.182,0.2605861118909211,1,Dync1li11
1.1322679129721642e-5,0.3436757583000496,0.307,0.131,0.26428265356683284,1,Gspt11
1.1812487879333558e-5,0.5092194863824742,0.271,0.11,0.2757152795915246,1,Fam169b1
1.1980576700597801e-5,0.5258870240388553,0.286,0.123,0.27963864076865325,1,Arhgap11
1.2222765971340736e-5,0.2564386263739351,0.264,0.104,0.2852915805370641,1,Trrap1
1.2677215180523072e-5,0.46311664470281055,0.3,0.139,0.295898879528589,1,Xpo61
1.2703916029183632e-5,0.32740348141877806,0.257,0.096,0.29652210403717516,1,Gcfc11
1.2980912188076316e-5,0.5073170239217966,0.314,0.144,0.3029874713818893,1,Usp381
1.304205182920521e-5,0.33396081964568225,0.386,0.195,0.30441453174547883,1,Dars1
1.3750190648098642e-5,0.4961076377258862,0.3,0.134,0.3209431999172704,1,Polb1
1.3791126032795927e-5,0.4049975159982737,0.293,0.128,0.3218986727314897,1,Kbtbd21
1.4045437844048919e-5,0.37278646335356447,0.321,0.15,0.3278345647179458,1,Ralgapa11
1.474558926480559e-5,0.254913833663724,0.343,0.158,0.3441767990298273,1,Pspc11
1.5025766533298242e-5,0.3572369916884952,0.521,0.302,0.3507164166537143,1,Wdr261
1.5040007885921366e-5,0.2542783946816036,0.264,0.11,0.3510488240652906,1,Mxd41
1.5113135999916826e-5,1.0128480709650458,0.264,0.11,0.35275570737405865,1,Zmiz11
1.5478176940277453e-5,0.7336777764512119,0.279,0.123,0.361276127963016,1,Dclre1c1
1.600937774978955e-5,0.4067349593982934,0.286,0.123,0.3736748860578379,1,Mrps18a1
1.625204913296835e-5,0.40418428287794317,0.529,0.318,0.37933907881261425,1,Ppig1
1.631365424501357e-5,0.29389988850194726,0.257,0.102,0.3807770037328618,1,Acadvl1
1.64766704573665e-5,0.45256414490445174,0.314,0.142,0.3845819651453915,1,Cbll11
1.670148941351607e-5,0.2711424862642735,0.521,0.313,0.38982946440087857,1,Rtn31
1.8834394232230255e-5,0.26911333463391207,0.307,0.142,0.4396135957744864,1,Flii1
1.8861269845557664e-5,0.3016960297324687,0.336,0.163,0.44024089946516143,1,Ptpra1
1.9283919842364683e-5,0.7612833055690245,0.279,0.12,0.45010597304063404,1,Stx161
2.0115221941252604e-5,0.4608178789450883,0.443,0.241,0.469509395330777,1,Bcl61
2.052108802339006e-5,0.31300064300630703,0.314,0.139,0.4789827155539474,1,Gpr1741
2.115547880292751e-5,0.25398249310803145,0.414,0.222,0.49379003073913097,1,Vti1b1
2.1537176120417933e-5,0.9479731021934721,0.3,0.136,0.502699227826675,1,Tle41
2.1563026792914784e-5,0.6457082930561024,0.379,0.201,0.503302608373424,1,Nek71
2.1724798860044786e-5,0.3775769325614178,0.357,0.171,0.5070785301923053,1,Sirt11
2.219917257731315e-5,0.2542277621240703,0.264,0.11,0.5181508871270663,1,Actl6a1
2.295802730305e-5,0.4545586392708252,0.35,0.171,0.53586331528049,1,Sec24c1
2.3550729890251774e-5,0.264741142612404,0.257,0.107,0.5496975863683666,1,Pi4k2a1
2.465916407104221e-5,0.3723977171683872,0.479,0.27,0.5755695485821962,1,Phc21
2.503915352318854e-5,0.35541077140989463,0.314,0.144,0.5844388823847437,1,Slc28a21
2.536754518432376e-5,0.6453270142737364,0.407,0.222,0.5921038721473009,1,Tob11
2.6768049292629943e-5,0.3717908109610253,0.3,0.139,0.6247930385392755,1,Sgta1
2.683366042286152e-5,0.30800596564427796,0.307,0.142,0.6263244679300107,1,Bhlhe401
2.7334618045087344e-5,0.3249353433324802,0.314,0.142,0.6380173197903837,1,Sec23b1
2.74459520161198e-5,0.3112877087594139,0.257,0.107,0.6406159660082522,1,Fam192a1
2.7529190533112386e-5,0.5521814542106509,0.271,0.118,0.6425588362333762,1,Scaf81
2.7815540176793016e-5,0.5231481843868799,0.564,0.345,0.6492425232665258,1,A530032D15Rik1
2.7815904756951495e-5,0.34770105107561555,0.471,0.281,0.6492510329320048,1,Stt3a1
2.8249766432664445e-5,0.5000962987263722,0.271,0.115,0.6593777983048208,1,Mast41
2.9712947471605505e-5,0.34598376700573485,0.407,0.217,0.6935299069347441,1,Taok31
2.9963755800947622e-5,0.5413538442120647,0.264,0.112,0.6993840241499184,1,Ehmt21
3.0040849456909825e-5,0.3369632456265066,0.257,0.107,0.7011834671737323,1,Stim11
3.023100787100543e-5,0.7178000900086463,0.336,0.166,0.7056219547171377,1,Ftsjd21
3.216606488382548e-5,0.5731066529854973,0.379,0.201,0.7507881204533706,1,Elovl51
3.2372936539439785e-5,0.6339495061256022,0.429,0.246,0.755616711767064,1,Mark21
3.3342211587953796e-5,0.3288029223039919,0.579,0.377,0.7782405606744296,1,Rpl341
3.4127655692198454e-5,0.28827681871926725,0.343,0.166,0.7965736115116041,1,Smarcb11
3.4304769898368645e-5,0.3118954663234752,0.264,0.115,0.8007076341978225,1,Usp11
3.45269298525638e-5,1.0359777202793334,0.371,0.217,0.8058930696886916,1,Snd11
3.757035837460488e-5,0.33343233909674463,0.4,0.222,0.8769297348216526,1,Trim281
3.764419336865842e-5,0.556481564647648,0.286,0.136,0.8786531174178562,1,Ppp3r11
3.7801930532385696e-5,0.26913290438138837,0.293,0.128,0.8823348605564145,1,Mppe11
3.809893938878721e-5,0.346828743857273,0.4,0.214,0.8892673442736823,1,Relb1
3.9150341770015e-5,0.2720513278297596,0.357,0.171,0.9138081272539201,1,Krit11
3.9196655574468154e-5,0.2622211809475963,0.264,0.115,0.9148891377636612,1,St3gal61
3.9386422371679826e-5,0.3243410953214263,0.336,0.166,0.9193184845773789,1,Rnf201
3.9456952441735604e-5,0.2997560621573987,0.279,0.126,0.9209647269425507,1,Creld21
4.014667229173076e-5,0.44689312310927587,0.364,0.19,0.9370634779612876,1,Baz1b1
4.1304678283275374e-5,0.2731161235983981,0.957,0.77,0.9640924958099305,1,Hnrnpf1
4.594327938085497e-5,0.3227696551778845,0.293,0.134,1,1,Stag11
4.686911623273313e-5,0.4030943394587636,0.407,0.225,1,1,Etfb1
4.8556680313505956e-5,0.56261822414349,0.264,0.115,1,1,Irgm11
4.859776197810924e-5,0.7052176802627357,0.3,0.142,1,1,Cul31
5.121119722827077e-5,0.4033177149460041,0.321,0.16,1,1,Rps6kb11
5.149814733525253e-5,0.6251114883545812,0.264,0.115,1,1,Cdc271
5.211420158620249e-5,0.2654789216381399,0.271,0.12,1,1,Pdxk1
5.270069864227587e-5,0.36173661365836907,0.329,0.166,1,1,Acsl51
5.3087812703793465e-5,0.3151815841985455,0.286,0.131,1,1,Nadk1
5.322257069733924e-5,0.3532759053884327,0.471,0.294,1,1,Fkbp1a1
5.33474654642144e-5,0.2688075444088751,0.364,0.19,1,1,Trim81
5.424512044932779e-5,0.32680035866224433,0.286,0.131,1,1,Uap11
5.448050098186133e-5,0.35470616704112157,0.271,0.12,1,1,Cmas1
5.628163894245852e-5,0.376787453183967,0.393,0.214,1,1,Phgdh1
5.676959953987002e-5,0.27786198066015455,0.279,0.123,1,1,Derl21
5.7725377288112394e-5,0.26904789831860576,0.364,0.187,1,1,Larp4b1
5.873656000728593e-5,0.4981142811236232,0.321,0.16,1,1,D6Wsu116e1
5.879326784228685e-5,0.2568991622734731,0.279,0.123,1,1,Zhx11
6.015770483536131e-5,1.4682385356913055,0.279,0.139,1,1,Cd361
6.0163001949374025e-5,0.5316263869908289,0.257,0.115,1,1,Dpp41
6.191125743837597e-5,0.2929546811561039,0.343,0.168,1,1,Rcn21
6.46497320684793e-5,0.5904263394263154,0.257,0.115,1,1,Mki67ip1
6.499770770997191e-5,0.45057379177418344,0.364,0.193,1,1,Kpna11
6.520388159579912e-5,0.4266085445274528,0.286,0.136,1,1,Unc45a1
6.55088962555267e-5,0.33571459874610543,0.357,0.184,1,1,Copg1
6.959416065710466e-5,0.536245877670138,0.3,0.147,1,1,Ceacam11
7.020305253624584e-5,0.30808957799335523,0.507,0.321,1,1,March11
7.099903818856675e-5,0.258779734148459,0.257,0.11,1,1,Asf1a1
7.346754739606193e-5,0.6164111029905603,0.3,0.144,1,1,Fam120b1
7.354688150782647e-5,0.2589997861870872,0.329,0.168,1,1,Os91
7.405081154188439e-5,0.25251238652210795,0.307,0.15,1,1,Dctn21
7.630624317952896e-5,0.47363359179689857,0.264,0.118,1,1,Tgfb11
7.834633853513459e-5,0.3312021116274275,0.264,0.118,1,1,Mcts11
8.397076075452158e-5,0.32034721731709936,0.329,0.168,1,1,Supt16h1
8.747001630523723e-5,0.2992104721027127,0.293,0.134,1,1,Ndufs51
8.762511823898406e-5,0.354108856637283,0.343,0.176,1,1,Pdcd6ip1
8.826274722970226e-5,0.456489215297303,0.293,0.142,1,1,Hsd17b101
9.109744776512347e-5,0.2506272929524336,0.771,0.575,1,1,Ly6a1
9.38854916356482e-5,0.32974238496543373,0.257,0.115,1,1,Hdac21
9.874639797036516e-5,0.2863808803451082,0.264,0.118,1,1,Myo5a1
1.0095931204109608e-4,0.28530449532440194,0.457,0.289,1,1,Ctnnb11
1.1176271905064743e-4,0.7888176890348189,0.279,0.134,1,1,Vps13a1
1.185002881348592e-4,0.2844444384014375,0.343,0.174,1,1,Pigs1
1.1884029549171769e-4,0.30693710745614267,0.307,0.15,1,1,Asxl21
1.2007580425665438e-4,0.36521040114789116,0.329,0.168,1,1,Btaf11
1.2784401586397683e-4,0.3109575133801603,0.329,0.171,1,1,Cul51
1.301457669129063e-4,0.2719194485983052,0.264,0.12,1,1,Prep1
1.301956904557254e-4,0.4779494709219896,0.279,0.134,1,1,Agpat61
1.3233778587595253e-4,0.5720272450685071,0.336,0.179,1,1,Zc3hav11
1.3239794595709355e-4,0.36279284673024925,0.293,0.139,1,1,Taf71
1.362695352899927e-4,0.33550622064920077,0.279,0.131,1,1,Pddc11
1.4218282249676997e-4,0.5057385214669581,0.271,0.128,1,1,Oxr11
1.4218282249676997e-4,0.4915985270072314,0.271,0.128,1,1,Appbp21
1.4232177281954409e-4,0.25224663659167934,0.293,0.144,1,1,Smarcc11
1.433187999268403e-4,0.36577861390855304,0.293,0.147,1,1,Eefsec1
1.434708496230806e-4,0.34084838062729483,0.271,0.126,1,1,Panx11
1.4574363449569366e-4,0.32612894135461756,0.4,0.23,1,1,Dip2b1
1.5298380212599706e-4,0.26011312361385697,0.293,0.139,1,1,Prickle31
1.5480348971744665e-4,0.4007267319287977,0.271,0.131,1,1,Fam55c1
1.572998451194625e-4,0.3319156666656067,0.329,0.174,1,1,Mtch11
1.5745598314881166e-4,0.25135058080717254,0.35,0.187,1,1,Ankrd101
1.649537733041204e-4,0.5334446933593116,0.279,0.134,1,1,Lypla11
1.6733025784916784e-4,0.6599340649187124,0.271,0.131,1,1,Dtx11
1.787810168044704e-4,0.48069300556890404,0.364,0.206,1,1,Itgb21
1.8125878670462205e-4,0.4399180966907692,0.271,0.128,1,1,Heatr61
1.8147081587078416e-4,0.2745348279176958,0.264,0.12,1,1,Cyp511
1.8602320896600604e-4,0.4315180215168475,0.271,0.131,1,1,Gnaq1
1.8603547930458233e-4,0.6172278467045209,0.436,0.249,1,1,Upf11
1.8947248569273372e-4,0.379300214655089,0.357,0.195,1,1,Rnf1381
1.911139778385556e-4,0.541610009120665,0.3,0.16,1,1,Vps351
1.994676694381113e-4,0.3830655371599936,0.3,0.147,1,1,Brd11
2.037975260524487e-4,0.3291013422641593,0.314,0.166,1,1,Bcl2l111
2.1342289535872215e-4,0.3354520618882475,0.286,0.144,1,1,Fam46a1
2.1468585638378352e-4,0.40126800071792124,0.264,0.126,1,1,Pikfyve1
2.179224224202801e-4,0.35359412101059373,0.386,0.214,1,1,Khsrp1
2.2184292548337958e-4,0.369766573162956,0.293,0.144,1,1,Kif2a1
2.2545249714545985e-4,0.29164739112094606,0.264,0.126,1,1,Acss11
2.339346917445074e-4,0.3350477851417448,0.307,0.158,1,1,Tufm1
2.3600895410460224e-4,0.42119184029693724,0.293,0.144,1,1,Bst21
2.4071620707645546e-4,0.719577520862684,0.3,0.158,1,1,Rps15a-ps41
2.6329656571214867e-4,0.3332862770274092,0.414,0.246,1,1,Stat61
2.702114247298289e-4,0.25272250247753014,0.271,0.131,1,1,Arl11
2.773644471095187e-4,0.4717600669106572,0.279,0.142,1,1,Ly91
2.88103375985052e-4,0.46531716287484404,0.257,0.123,1,1,Plbd11
3.479972083618358e-4,0.3099497001975626,0.336,0.182,1,1,Rab5a1
3.5354700443216856e-4,0.5261671491671542,0.279,0.15,1,1,Cd441
3.6404956162666745e-4,0.31563224313572036,0.257,0.126,1,1,Taf131
3.725619546287837e-4,0.49984066077272304,0.343,0.201,1,1,Ogt1
3.741870733066344e-4,0.9455280538129034,0.329,0.187,1,1,Rprd21
4.070203126702994e-4,0.4199109371309824,0.321,0.176,1,1,Cobra11
4.416628580754088e-4,0.2746500239742016,0.379,0.225,1,1,Irf11
4.647498236637633e-4,0.2703866074477541,0.271,0.136,1,1,Rbm101
4.8238506066065336e-4,0.25092354855533827,0.436,0.273,1,1,A930001N09Rik1
4.900695299263857e-4,0.6296768460162632,0.264,0.139,1,1,Rmnd5b1
5.185071863228183e-4,0.2609115856470874,0.286,0.144,1,1,Adi11
5.537742854836199e-4,0.6192263863613947,0.279,0.15,1,1,Cables21
5.642607274866052e-4,0.3036530617285429,0.257,0.126,1,1,Agfg11
6.375941347727395e-4,0.3274845154552204,0.279,0.147,1,1,Soat11
6.880050641891614e-4,0.29972492837726383,0.279,0.147,1,1,Carhsp11
7.742617113918081e-4,0.3837449094924277,0.257,0.131,1,1,Ints41
7.794715174879217e-4,0.3596052521690076,0.329,0.193,1,1,Rbm61
8.409629584510659e-4,0.2678353727385314,0.257,0.128,1,1,Rprd1b1
8.844588900770365e-4,0.2728628712954846,0.343,0.195,1,1,March71
8.885603573804392e-4,0.47866577975704594,0.271,0.144,1,1,Sp21
9.067778072259558e-4,0.3100438534822998,0.257,0.134,1,1,Dap1
0.0010202795834549174,0.2674933146381919,0.3,0.163,1,1,Chtf81
0.0010543730115500334,0.5737609777729711,0.257,0.139,1,1,Tmem2061
0.0011968961220145515,0.286517785353281,0.286,0.15,1,1,Tomm51
0.001263457281582607,0.3649201777085387,0.329,0.193,1,1,Rab6a1
0.001338904801267406,0.669690954427558,0.486,0.332,1,1,Gm66541
0.001401692333303909,0.9429574932682931,0.257,0.144,1,1,Agpat11
0.001494197371247883,0.44835205808077205,0.3,0.179,1,1,Tnfaip31
0.0016205399092363649,0.3474371044617208,0.293,0.168,1,1,Itpr31
0.001904512140199043,0.29273971474523375,0.3,0.171,1,1,Ythdf11
0.0019444093712634644,0.3747853290090948,0.3,0.182,1,1,Tmx11
0.002079738576252915,0.2599698421967074,0.393,0.23,1,1,Mir684-11
0.0024034565859991468,0.40104906100217397,0.393,0.249,1,1,Gpsm31
0.003122935376761014,0.4077728654003856,0.314,0.184,1,1,5031425E22Rik1
0.0032032368654154194,0.28292202899615937,0.564,0.396,1,1,Dusp51
0.003276973178333466,0.29656448865102636,0.343,0.209,1,1,Mrpl321
0.003498339160967572,0.47354123558030614,0.35,0.222,1,1,S100a91
0.0038449429687136246,0.4915623522652175,0.264,0.152,1,1,Timm17a1
0.00397389004081551,0.2577118757868657,0.35,0.214,1,1,Rnaseh2c1
0.004032037268880733,0.25066891247646117,0.45,0.321,1,1,Rpl301
0.007040574696873915,0.47195003333003216,0.293,0.179,1,1,Sema4b1
0.007180741812223834,0.48881367998362224,0.3,0.184,1,1,Ccdc821
0.007328994264351906,0.3732126344609288,0.307,0.206,1,1,Aplp21
0.009473085909001235,1.215265859716836,0.35,0.209,1,1,Ins21
